codigo_municipio,municipio,candidatos_2016,candidatos_2020,candidatos_2024,fracao_publica_2016,fracao_publica_2020,fracao_publica_2024,gini_receita_2016,gini_receita_2020,gini_receita_2024,auc_receita_eleicao_2016,auc_receita_eleicao_2020,auc_receita_eleicao_2024,entropia_normalizada_2016,entropia_normalizada_2020,entropia_normalizada_2024,variacao_fracao_publica_2024_menos_2016,variacao_gini_receita_2024_menos_2016,variacao_auc_receita_eleicao_2024_menos_2016,variacao_entropia_normalizada_2024_menos_2016,chave_municipio,codigo_ibge,codigo_ibge_6,municipio_ibge,regiao_imediata,regiao_intermediaria,microrregiao_1990,mesorregiao_1990,populacao_2022,urbanizacao_2022,pib_per_capita_2023,idhm_2010,idhm_educacao_2010,idhm_longevidade_2010,idhm_renda_2010,renda_per_capita_2010,gini_renda_2010,log10_populacao_2022,log10_pib_per_capita_2023,faixa_populacao_2022,quartil_idhm_2010,quartil_pib_pc_2023,quartil_urbanizacao_2022,auc_receita_eleicao_residuo_tamanho_2016,auc_receita_eleicao_percentil_ajustado_2016,auc_receita_eleicao_residuo_tamanho_2020,auc_receita_eleicao_percentil_ajustado_2020,auc_receita_eleicao_residuo_tamanho_2024,auc_receita_eleicao_percentil_ajustado_2024,gini_receita_residuo_tamanho_2024,gini_receita_percentil_ajustado_2024,auc_top10_bruto_2016,auc_top10_ajustado_2016,auc_top10_bruto_2020,auc_top10_ajustado_2020,auc_top10_bruto_2024,auc_top10_ajustado_2024,acoplamento_alto_persistente_bruto,acoplamento_alto_persistente_ajustado,acoplamento_alto_persistente,contratendencia_auc,contratendencia_auc_forte,concentracao_alta_2024_ajustada,publicizacao_baixa_2024,escore_excecao,excecao_multidimensional,tipos_excecao
86479,ESPUMOSO,52.0,35.0,41.0,0.1099170262127019,0.1817644568829195,0.2661553521745483,0.2634919485512459,0.4281233288310284,0.2949938784554125,0.6459948320413437,0.8226495726495726,0.8506944444444444,0.9707833955469796,0.9157466302686372,0.9575689340952452,0.1562383259618463,0.0315019299041665,0.2046996124031007,-0.0132144614517343,ESPUMOSO,4307500,430750,Espumoso,Passo Fundo,Passo Fundo,Cruz Alta,Noroeste Rio-grandense,15173,77.49,56780.98,0.765,0.677,0.884,0.747,834.66,0.49,4.181071457822617,4.7542028838735195,10–20 mil,Q4: maior,Q3,Q3,-0.13357888980762722,0.11670020120724346,0.1566273341085701,0.9255533199195171,0.1816016802556758,0.9537223340040242,-0.08121570787390214,0.2012072434607646,False,False,False,True,False,True,False,True,True,True,True,False,True,3,True,acoplamento persistente; forte contratendência da AUC; baixa publicização em 2024
86290,DOM PEDRITO,75.0,88.0,93.0,0.1198485402935927,0.3865941940481273,0.5662180440272693,0.5960776060756039,0.4852660277472966,0.5093763495482484,0.7419354838709679,0.9025641025641026,0.8807692307692307,0.8567892207890998,0.9060111856695966,0.8996221077043592,0.4463695037336765,-0.0867012565273555,0.1388337468982629,0.0428328869152594,DOM PEDRITO,4306601,430660,Dom Pedrito,Bagé,Pelotas,Campanha Meridional,Sudoeste Rio-grandense,36981,91.0,61874.27,0.708,0.585,0.848,0.715,686.15,0.54,4.567978650701196,4.791510088113876,20–50 mil,Q2,Q4: maior,Q4: maior,-0.07662472033809109,0.2052313883299799,0.11306311285137571,0.8551307847082495,0.09330192669302051,0.8048289738430584,0.02366668875173844,0.6156941649899397,False,False,True,False,True,False,True,False,True,True,True,False,False,2,True,acoplamento persistente; forte contratendência da AUC
87491,MONTENEGRO,114.0,103.0,93.0,0.024471478688599,0.2922367116160022,0.6417935502580304,0.5515220101392222,0.5557191426128434,0.5409135051466272,0.7480769230769231,0.9118279569892472,0.8789156626506024,0.8884301319445611,0.8813915647653728,0.887320451316318,0.6173220715694314,-0.010608504992595,0.1308387395736793,-0.0011096806282431,MONTENEGRO,4312401,431240,Montenegro,Montenegro,Porto Alegre,Montenegro,Metropolitana de Porto Alegre,64322,81.91,81767.31,0.755,0.654,0.866,0.761,914.23,0.5,4.8083595397120975,4.912579710466147,50–100 mil,Q4: maior,Q4: maior,Q4: maior,-0.11315559185617408,0.14688128772635814,0.10376990024309296,0.8329979879275654,0.09144835857439215,0.7967806841046278,0.055203844350117215,0.7565392354124748,False,False,True,False,True,False,True,False,True,True,True,False,False,2,True,acoplamento persistente; forte contratendência da AUC
87580,SALVADOR DAS MISSÕES,16.0,19.0,21.0,0.0,0.1356224340229966,0.5810458430816223,0.2941787941787941,0.208990822205431,0.2489360410756584,0.7777777777777778,0.5222222222222223,0.9027777777777778,0.9501181063750684,0.9743723917334082,0.963388624853216,0.5810458430816223,-0.0452427531031356,0.125,0.0132705184781474,SALVADOR DAS MISSOES,4316477,431647,Salvador das Missões,Cerro Largo,Ijuí,Cerro Largo,Noroeste Rio-grandense,2877,57.63,56399.15,0.753,0.706,0.851,0.71,663.26,0.36,3.458939861890326,4.751272558715765,Até 10 mil,Q4: maior,Q3,Q2,0.13249140695163242,0.9175050301810865,-0.04931925836612716,0.30985915492957744,0.3349650789910681,0.9959758551307847,-0.036120508217103414,0.3963782696177062,False,True,False,False,True,True,False,True,True,True,True,False,False,2,True,acoplamento persistente; forte contratendência da AUC
87424,PONTÃO,34.0,43.0,22.0,0.0,0.1535422881422459,0.446999080129194,0.2445870833859995,0.3169987472360691,0.3662174689409472,0.6333333333333333,0.8496732026143791,0.7435897435897436,0.9601495892075076,0.9556430968597728,0.9213562431205864,0.446999080129194,0.1216303855549476,0.1102564102564103,-0.0387933460869213,PONTAO,4314779,431477,Pontão,Passo Fundo,Passo Fundo,Passo Fundo,Noroeste Rio-grandense,3296,51.24,82517.64,0.725,0.623,0.864,0.708,656.34,0.53,3.5179872030250783,4.91654679868025,Até 10 mil,Q3,Q4: maior,Q2,-0.09922413396427887,0.16700201207243462,0.15397233100419705,0.9235412474849095,0.16863597977298872,0.9235412474849095,0.07480165618766471,0.806841046277666,False,False,False,True,False,True,False,True,True,True,True,False,False,2,True,acoplamento persistente; forte contratendência da AUC
89710,TAVARES,23.0,25.0,18.0,0.0950528657808067,0.2237062758324033,0.7575642348099988,0.2527310228715249,0.2450826948612607,0.4105879468182878,0.7857142857142857,0.8402777777777778,0.8827160493827162,0.966290630167504,0.9672820761657972,0.8972188263869824,0.662511369029192,0.1578569239467628,0.0970017636684305,-0.0690718037805215,TAVARES,4321352,432135,Tavares,Porto Alegre,Porto Alegre,Osório,Metropolitana de Porto Alegre,5212,68.15,26079.1,0.656,0.492,0.828,0.692,594.12,0.42,3.7170044070405472,4.416292599645079,Até 10 mil,Q1: menor,Q1: menor,Q3,0.09789020879838817,0.8490945674044266,0.22517320875170677,0.9798792756539235,0.33864178543012635,0.9979879275653923,0.14660182275239475,0.93158953722334,False,False,False,True,True,True,False,True,True,True,False,True,False,2,True,acoplamento persistente; concentração elevada em 2024
85251,ARROIO GRANDE,67.0,51.0,48.0,0.0613339429676578,0.3039428234279536,0.5023324825130606,0.6237052229488591,0.5286301637736692,0.5825471757895893,0.8869731800766284,0.8783068783068783,0.933048433048433,0.8329991309592205,0.8763729183962892,0.842194390601984,0.4409985395454027,-0.0411580471592698,0.0460752529718045,0.0091952596427634,ARROIO GRANDE,4301305,430130,Arroio Grande,Pelotas,Pelotas,Jaguarão,Sudeste Rio-grandense,17558,87.97,54989.64,0.657,0.522,0.807,0.673,528.13,0.5,4.244475044689012,4.740280876500841,10–20 mil,Q1: menor,Q3,Q4: maior,0.0802595865474246,0.7746478873239436,0.15889976940199202,0.9295774647887324,0.24063523824258726,0.9859154929577465,0.18503648046038862,0.9537223340040242,False,False,False,True,True,True,False,True,True,True,False,True,False,2,True,acoplamento persistente; concentração elevada em 2024
85260,LAGOÃO,30.0,27.0,40.0,0.0119238052909401,0.0068508776394625,0.2649432737526376,0.3774061440838934,0.2664512458877064,0.3393963551375341,0.8624338624338624,0.7160493827160495,0.8817204301075269,0.9291790073532724,0.9641173482450204,0.9470580794404136,0.2530194684616974,-0.0380097889463593,0.0192865676736644,0.017879072087141,LAGOAO,4311254,431125,Lagoão,Sobradinho,Santa Cruz do Sul - Lajeado,Soledade,Noroeste Rio-grandense,5341,35.37,28041.72,0.643,0.505,0.822,0.641,432.78,0.43,3.727622577969137,4.447804648510005,Até 10 mil,Q1: menor,Q1: menor,Q1: menor,0.14405931235855718,0.9275653923541247,0.08904604537783156,0.7766599597585513,0.21630189390754462,0.9698189134808853,-0.03346841355555524,0.4084507042253521,False,True,False,False,True,True,False,True,True,True,False,False,True,2,True,acoplamento persistente; baixa publicização em 2024
88315,ROSÁRIO DO SUL,110.0,149.0,104.0,0.1446273759783138,0.3561405786539751,0.3334014201864967,0.6493790008493436,0.6247518823921598,0.4947200860177492,0.9349722442505948,0.8399321266968326,0.9163144547759932,0.8239581251297787,0.853332624775836,0.912906815941972,0.1887740442081829,-0.1546589148315944,-0.0186577894746015,0.0889486908121932,ROSARIO DO SUL,4316402,431640,Rosário do Sul,Santana do Livramento,Uruguaiana,Campanha Central,Sudoeste Rio-grandense,36630,89.15,40903.98,0.699,0.576,0.841,0.705,643.97,0.51,4.563836918664545,4.611765567370257,20–50 mil,Q2,Q2,Q4: maior,0.077297997855864,0.7625754527162978,-0.008647401025547397,0.4607645875251509,0.11326332227053804,0.8410462776659959,-0.005678732202827552,0.4969818913480885,True,False,False,False,True,False,True,False,True,False,False,False,True,2,True,acoplamento persistente; baixa publicização em 2024
86843,ITAPUCA,24.0,24.0,18.0,0.0,0.0789577575996841,0.2052966752119483,0.1992359455390626,0.4004485239285873,0.3223225731589523,0.825925925925926,0.5555555555555556,0.7407407407407407,0.9780085919312316,0.9171393711984828,0.9378092398695982,0.2052966752119483,0.1230866276198896,-0.0851851851851852,-0.0401993520616332,ITAPUCA,4310579,431057,Itapuca,Soledade,Passo Fundo,Guaporé,Nordeste Rio-grandense,1937,28.14,48467.2,0.664,0.495,0.834,0.709,660.33,0.4,3.287129620719111,4.6854479308084995,Até 10 mil,Q1: menor,Q3,Q1: menor,0.13317071432147598,0.9195171026156942,-0.053179340778256035,0.2987927565392354,0.19666647678815086,0.959758551307847,0.05833644909305924,0.7665995975855131,False,True,False,False,False,True,False,True,True,False,False,False,True,2,True,acoplamento persistente; baixa publicização em 2024
86860,LAJEADO DO BUGRE,24.0,29.0,19.0,0.0013682344086553,0.0,0.6695556024897193,0.158020465632213,0.2802237541863162,0.4319789920939183,0.8222222222222223,0.7388888888888888,0.7222222222222222,0.9729671035975498,0.9619125222704434,0.8894731272828622,0.6681873680810639,0.2739585264617052,-0.1,-0.0834939763146875,LAJEADO DO BUGRE,4311429,431142,Lajeado do Bugre,Palmeira das Missões,Passo Fundo,Carazinho,Noroeste Rio-grandense,2601,32.49,25156.9,0.613,0.465,0.822,0.604,343.1,0.49,3.4151403521958725,4.400657123425008,Até 10 mil,Q1: menor,Q1: menor,Q1: menor,0.12946701061777233,0.9114688128772636,0.1009688773302978,0.8209255533199196,0.16980977733618952,0.9295774647887324,0.1606038032508194,0.937625754527163,False,True,False,False,False,True,False,True,True,False,False,True,False,2,True,acoplamento persistente; concentração elevada em 2024
84972,IBARAMA,28.0,20.0,20.0,0.0256400930162633,0.0693625580911424,0.4099441721007661,0.2825966543658789,0.2774432961087603,0.248486269893096,0.8801169590643275,0.8585858585858586,0.7777777777777777,0.959626699360508,0.9564759546249127,0.9652193306021152,0.3843040790845028,-0.0341103844727828,-0.1023391812865498,0.0055926312416071,IBARAMA,4309753,430975,Ibarama,Sobradinho,Santa Cruz do Sul - Lajeado,Santa Cruz do Sul,Centro Oriental Rio-grandense,3732,32.5,28260.69,0.652,0.511,0.792,0.686,572.6,0.43,3.571941635074462,4.451182761176173,Até 10 mil,Q1: menor,Q1: menor,Q1: menor,0.16961954809563207,0.9577464788732394,0.27877350577035265,0.993963782696177,0.21746665073403515,0.971830985915493,-0.029900422902854856,0.42052313883299797,False,True,False,True,False,True,False,True,True,False,False,False,True,2,True,acoplamento persistente; baixa publicização em 2024
89320,NOVO XINGU,22.0,18.0,15.0,0.0227164167786034,0.0786282102762687,0.3748650514131993,0.1496484620481031,0.0566954144270781,0.2733825342607177,0.829059829059829,0.8765432098765432,0.5925925925925927,0.987846566689308,0.9979214658560512,0.9316549666301618,0.3521486346345959,0.1237340722126145,-0.2364672364672363,-0.0561916000591462,NOVO XINGU,4313466,431346,Novo Xingu,Carazinho,Passo Fundo,Frederico Westphalen,Noroeste Rio-grandense,1646,47.75,41154.7,0.767,0.708,0.85,0.749,847.22,0.41,3.216429830876251,4.614419440216711,Até 10 mil,Q4: maior,Q2,Q2,0.14640032846180706,0.93158953722334,0.3137805484216706,1.0,0.07671006853487239,0.7585513078470825,0.03428561201140651,0.6740442655935613,False,True,False,True,False,False,False,True,True,False,False,False,True,2,True,acoplamento persistente; baixa publicização em 2024
87831,PARAÍ,30.0,20.0,18.0,0.0352741552694718,0.0,0.2736955744946135,0.0894897141827002,0.0388050921843317,0.2607579677934646,0.5026455026455026,0.5808080808080808,0.8024691358024691,0.9956090907969584,0.9991382757455528,0.954629558326168,0.2384214192251416,0.1712682536107643,0.2998236331569666,-0.0409795324707902,PARAI,4314001,431400,Paraí,Nova Prata - Guaporé,Caxias do Sul,Guaporé,Nordeste Rio-grandense,7194,64.86,67869.88,0.773,0.679,0.866,0.787,1071.25,0.47,3.856970433482492,4.831677081320774,Até 10 mil,Q4: maior,Q4: maior,Q3,-0.2157290474298027,0.052313883299798795,0.0009957279925748574,0.48490945674044267,0.2583948718498793,0.9879275653923542,-0.0032281562724284507,0.5050301810865191,False,False,False,False,False,True,False,False,False,True,True,False,True,2,True,forte contratendência da AUC; baixa publicização em 2024
87513,MOSTARDAS,52.0,56.0,39.0,0.0147006688256501,0.1908678919899644,0.3539863102919872,0.3969975202804379,0.3426406844737601,0.4763025193158661,0.6589147286821706,0.8498817966903073,0.9296296296296296,0.933068166717966,0.952807546015096,0.8980233431765424,0.3392856414663371,0.0793049990354282,0.2707149009474591,-0.0350448235414236,MOSTARDAS,4312500,431250,Mostardas,Porto Alegre,Porto Alegre,Osório,Metropolitana de Porto Alegre,12090,68.89,40888.44,0.664,0.493,0.849,0.701,627.16,0.55,4.082426300860772,4.611600541409905,10–20 mil,Q1: menor,Q2,Q3,-0.12065899316680029,0.13682092555331993,0.11783360307455615,0.8672032193158954,0.2679840934858483,0.9899396378269618,0.10686935196355712,0.8712273641851107,False,False,False,False,True,True,False,False,False,True,True,False,True,2,True,forte contratendência da AUC; baixa publicização em 2024
88749,VILA LÂNGARO,25.0,16.0,14.0,0.0302950369385243,0.0,0.0,0.033991104887538,0.3644337408471179,0.1486478318770385,0.3472222222222222,0.4603174603174603,0.5555555555555556,0.9992064405718918,0.9194971102827963,0.9822612472186412,-0.0302950369385243,0.1146567269895004,0.2083333333333333,-0.0169451933532505,VILA LANGARO,4323358,432335,Vila Lângaro,Tapejara - Sananduva,Passo Fundo,Passo Fundo,Noroeste Rio-grandense,2079,30.35,74685.33,0.705,0.551,0.839,0.759,902.87,0.47,3.317854489331469,4.873235304282234,Até 10 mil,Q2,Q4: maior,Q1: menor,-0.3502498675051121,0.006036217303822937,-0.0831145618637455,0.2152917505030181,0.050362294257256246,0.6619718309859155,-0.08104890258603464,0.20321931589537223,False,False,False,False,False,False,False,False,False,True,True,False,True,2,True,forte contratendência da AUC; baixa publicização em 2024
86444,BOM PROGRESSO,31.0,37.0,32.0,0.0093132881415387,0.0328739263010404,0.4156144275827307,0.2634499837382769,0.2742799810504024,0.5962652397345765,0.6691919191919191,0.7440476190476191,0.8429951690821256,0.965374106464684,0.9643975054310756,0.8081255112165656,0.4063011394411919,0.3328152559962996,0.1738032498902064,-0.1572485952481183,BOM PROGRESSO,4302378,430237,Bom Progresso,Três Passos,Ijuí,Três Passos,Noroeste Rio-grandense,2096,59.83,35111.31,0.723,0.643,0.84,0.7,623.82,0.52,3.321391278311689,4.545447033257942,Até 10 mil,Q3,Q1: menor,Q2,-0.052911839447692954,0.2635814889336016,0.06989988129399494,0.7082494969818913,0.2110225278852349,0.9637826961770624,0.25371166508528575,0.9798792756539235,False,False,False,False,False,True,False,False,False,True,True,True,False,2,True,forte contratendência da AUC; concentração elevada em 2024
88285,ESPERANÇA DO SUL,33.0,22.0,13.0,0.0192622142218589,0.0621327344200827,0.3625023500903858,0.260765737207379,0.229770607325719,0.2519546795057878,0.5555555555555556,0.6666666666666667,0.7222222222222222,0.9661410013352084,0.964666225953311,0.942553976052348,0.3432401358685268,-0.0088110577015911,0.1666666666666666,-0.0235870252828602,ESPERANCA DO SUL,4307450,430745,Esperança do Sul,Três Passos,Ijuí,Três Passos,Noroeste Rio-grandense,3226,29.32,31415.37,0.661,0.55,0.788,0.665,502.89,0.43,3.508664363052943,4.497142179061095,Até 10 mil,Q1: menor,Q1: menor,Q1: menor,-0.17363202921893794,0.07243460764587525,0.07163994260119477,0.7183098591549296,0.228517471576752,0.9778672032193159,0.03233893971214985,0.6639839034205232,False,False,False,False,False,True,False,False,False,True,True,False,True,2,True,forte contratendência da AUC; baixa publicização em 2024
84743,TRÊS ARROIOS,32.0,22.0,32.0,0.0,0.080428071866036,0.3668276822556678,0.0927091447410064,0.2858450062295197,0.237634384594277,0.5072463768115942,0.5384615384615385,0.6690821256038647,0.9884149813686904,0.9476334675576632,0.9715102499794366,0.3668276822556678,0.1449252398532705,0.1618357487922704,-0.0169047313892539,TRES ARROIOS,4321634,432163,Três Arroios,Erechim,Passo Fundo,Erechim,Noroeste Rio-grandense,2591,46.66,51829.66,0.791,0.689,0.851,0.843,1518.78,0.62,3.413467412985825,4.7145783598986055,Até 10 mil,Q4: maior,Q3,Q2,-0.2184590631514599,0.0482897384305835,-0.05656518560393342,0.28169014084507044,0.037109484406974036,0.613682092555332,-0.10491919005501371,0.13078470824949698,False,False,False,False,False,False,False,False,False,True,True,False,True,2,True,forte contratendência da AUC; baixa publicização em 2024
87882,SENTINELA DO SUL,45.0,51.0,45.0,0.0206176002730692,0.0729993259180282,0.5388871211110312,0.329471829405654,0.4414538320529049,0.5833828881384389,0.5694444444444444,0.7883597883597884,0.7083333333333333,0.9502099589552544,0.9129745048880196,0.8375153466690527,0.518269520837962,0.2539110587327848,0.1388888888888888,-0.1126946122862015,SENTINELA DO SUL,4320354,432035,Sentinela do Sul,Camaquã,Porto Alegre,Camaquã,Metropolitana de Porto Alegre,5306,26.01,33904.52,0.671,0.545,0.826,0.671,519.1,0.47,3.7247672456463103,4.53025760027395,Até 10 mil,Q1: menor,Q1: menor,Q1: menor,-0.19433604876026944,0.060362173038229376,0.06895267945490213,0.704225352112676,0.025439691855493107,0.5734406438631791,0.1945825099174232,0.959758551307847,False,False,False,False,False,False,False,False,False,True,True,True,False,2,True,forte contratendência da AUC; concentração elevada em 2024
86746,GENTIL,26.0,29.0,29.0,0.0,0.4862876511824974,0.3397480198827746,0.1736373513127889,0.2721382079644252,0.3175648151898693,0.3660130718954248,0.3388888888888889,0.5,0.9850367804772908,0.9626687943064948,0.9401219600562936,0.3397480198827746,0.1439274638770804,0.1339869281045751,-0.0449148204209972,GENTIL,4308854,430885,Gentil,Marau,Passo Fundo,Passo Fundo,Noroeste Rio-grandense,1744,54.99,87302.71,0.733,0.643,0.863,0.71,662.04,0.43,3.2415464805965484,4.941027725031788,Até 10 mil,Q3,Q4: maior,Q2,-0.3359785871067598,0.01006036217303823,-0.2990311226697021,0.014084507042253521,-0.11708826724676047,0.1619718309859155,-0.011576032348776188,0.46680080482897385,False,False,False,False,False,False,False,False,False,True,True,False,True,2,True,forte contratendência da AUC; baixa publicização em 2024
84980,PANTANO GRANDE,48.0,53.0,59.0,0.0308723872375468,0.2798164009374931,0.3750833765372489,0.5750265361356874,0.6242628376226558,0.433283730656413,0.7521367521367521,0.8535353535353535,0.8822222222222222,0.8475043142558814,0.8230421209668952,0.9103016401227272,0.3442109892997021,-0.1417428054792744,0.1300854700854701,0.0627973258668458,PANTANO GRANDE,4313953,431395,Pantano Grande,Santa Cruz do Sul,Santa Cruz do Sul - Lajeado,Cachoeira do Sul,Centro Oriental Rio-grandense,10212,86.12,56464.39,0.661,0.524,0.816,0.676,536.01,0.47,4.009110806132212,4.751774640701765,10–20 mil,Q1: menor,Q3,Q4: maior,-0.018720722573436044,0.38028169014084506,0.12889849976871215,0.8812877263581489,0.15965262175618256,0.9074446680080482,0.008038551552952189,0.5553319919517102,False,False,False,False,True,True,False,False,False,True,True,False,True,2,True,forte contratendência da AUC; baixa publicização em 2024
88625,BARRA DO QUARAÍ,35.0,51.0,33.0,0.0005899588995299,0.1759601655863986,0.2663498874401317,0.3890020423815234,0.4774308679708055,0.3921011679030626,0.7264957264957265,0.6441798941798942,0.8541666666666666,0.9282615385602913,0.8915496250681241,0.9280777043938396,0.2657599285406017,0.0030991255215391,0.1276709401709401,-0.0001838341664514,BARRA DO QUARAI,4301875,430187,Barra do Quaraí,Uruguaiana,Uruguaiana,Campanha Ocidental,Sudoeste Rio-grandense,4241,75.15,78422.54,0.662,0.548,0.802,0.659,483.29,0.48,3.62746827245971,4.894440904402848,Até 10 mil,Q1: menor,Q4: maior,Q3,-0.009326001304985287,0.40945674044265595,-0.07522721472499205,0.2414486921529175,0.21755689574711545,0.9738430583501007,0.04535945849305678,0.7303822937625755,False,False,False,False,False,True,False,False,False,True,True,False,True,2,True,forte contratendência da AUC; baixa publicização em 2024
85480,SÃO MIGUEL DAS MISSÕES,34.0,35.0,30.0,0.0034902772316548,0.1658763221574328,0.453027293915382,0.5020877297872872,0.5168381716229051,0.4713392819212016,0.6399999999999999,0.8504273504273504,0.7671957671957672,0.8601369457033757,0.8670835338895502,0.8922463745351774,0.4495370166837271,-0.0307484478660855,0.1271957671957673,0.0321094288318016,SAO MIGUEL DAS MISSOES,4319158,431915,São Miguel das Missões,Santo Ângelo,Ijuí,Santo Ângelo,Noroeste Rio-grandense,7056,59.04,73296.83,0.667,0.537,0.821,0.674,531.71,0.54,3.848558572123763,4.865085192331745,Até 10 mil,Q1: menor,Q4: maior,Q2,-0.09255746729761227,0.18108651911468812,0.1844051118863479,0.9517102615694165,0.144973104755599,0.8913480885311871,0.1375768918415171,0.9114688128772636,False,False,False,True,False,False,False,False,False,True,True,True,False,2,True,forte contratendência da AUC; concentração elevada em 2024
87980,TRAVESSEIRO,24.0,23.0,13.0,0.0032868533953493,0.0721920613153495,0.2333177788147457,0.0965769727848739,0.3175994540816871,0.419074625794178,0.4555555555555555,0.5555555555555556,0.4861111111111111,0.9946846056621038,0.920368453478106,0.8634248384620132,0.2300309254193963,0.322497653009304,0.0305555555555555,-0.1312597672000905,TRAVESSEIRO,4321626,432162,Travesseiro,Lajeado,Santa Cruz do Sul - Lajeado,Lajeado-Estrela,Centro Oriental Rio-grandense,2152,41.36,39999.0,0.701,0.559,0.839,0.735,777.34,0.35,3.3328422669943514,4.602049133830196,Até 10 mil,Q2,Q2,Q1: menor,-0.23719965604889448,0.03219315895372234,-0.04649638835314396,0.32796780684104626,-0.007593639534359098,0.45472837022132795,0.19945888600054001,0.9637826961770624,False,False,False,False,False,False,False,False,False,True,False,True,True,2,True,concentração elevada em 2024; baixa publicização em 2024
84751,NOVA ROMA DO SUL,25.0,25.0,27.0,0.0020034057898427,0.0,0.2872737719046251,0.214954756419246,0.283123607687916,0.5858530587056874,0.6180555555555556,0.625,0.552469135802469,0.9712226574137102,0.956138575396555,0.7872072301871993,0.2852703661147824,0.3708983022864414,-0.0655864197530865,-0.1840154272265108,NOVA ROMA DO SUL,4313359,431335,Nova Roma do Sul,Caxias do Sul,Caxias do Sul,Caxias do Sul,Nordeste Rio-grandense,3466,48.85,59628.86,0.741,0.602,0.851,0.794,1120.95,0.44,3.539828558377898,4.7754565064706425,Até 10 mil,Q3,Q3,Q2,-0.07941653417177874,0.19919517102615694,0.009895430973928976,0.5150905432595574,-0.05376901002649648,0.3038229376257545,0.266460778434291,0.9859154929577465,False,False,False,False,False,False,False,False,False,False,False,True,True,2,True,concentração elevada em 2024; baixa publicização em 2024
88544,MUITOS CAPÕES,34.0,28.0,20.0,0.0,0.0743607206064418,0.2559158437033535,0.2426272085100613,0.2600166158479817,0.4657080912214348,0.7422222222222221,0.6549707602339181,0.6515151515151515,0.9696960879224548,0.9641047705576424,0.867864832535154,0.2559158437033535,0.2230808827113735,-0.0907070707070706,-0.1018312553873006,MUITOS CAPOES,4312617,431261,Muitos Capões,Vacaria,Caxias do Sul,Vacaria,Nordeste Rio-grandense,2879,27.96,330080.63,0.702,0.558,0.873,0.711,666.24,0.5,3.459241664878082,5.518620039534985,Até 10 mil,Q2,Q4: maior,Q1: menor,0.009664754924609942,0.4909456740442656,0.022395580402958304,0.5392354124748491,0.09120402447140896,0.7947686116700201,0.18732139842548395,0.9577464788732394,False,False,False,False,False,False,False,False,False,False,False,True,True,2,True,concentração elevada em 2024; baixa publicização em 2024
87629,SANTA TEREZA,22.0,20.0,16.0,0.0,0.0,0.2258355916892502,0.2504549580143977,0.4487443654947927,0.6282181571815719,0.7606837606837608,0.611111111111111,0.5634920634920635,0.9671960243806664,0.8769855529271364,0.7033202237669135,0.2258355916892502,0.3777631991671741,-0.1971916971916972,-0.2638758006137529,SANTA TEREZA,4317251,431725,Santa Tereza,Bento Gonçalves,Caxias do Sul,Caxias do Sul,Nordeste Rio-grandense,1505,37.54,35708.89,0.746,0.637,0.853,0.765,935.56,0.37,3.1775364999298623,4.552776350490534,Até 10 mil,Q3,Q1: menor,Q1: menor,0.07802426008573882,0.7645875251509054,0.031298758295605134,0.5694164989939637,0.03761916723345338,0.6156941649899397,0.380317488999788,0.9979879275653923,False,False,False,False,False,False,False,False,False,False,False,True,True,2,True,concentração elevada em 2024; baixa publicização em 2024
87530,MUÇUM,39.0,42.0,31.0,0.0677497072282381,0.1672295891959076,0.184821222645548,0.243635677353698,0.4343364556170488,0.7537869682508918,0.837037037037037,0.7643097643097643,0.6287878787878789,0.9679012545210464,0.9150493332014774,0.6426114524207357,0.1170715154173098,0.5101512908971937,-0.2082491582491581,-0.3252898021003105,MUCUM,4312609,431260,Muçum,Encantado,Santa Cruz do Sul - Lajeado,Lajeado-Estrela,Centro Oriental Rio-grandense,4601,85.66,59413.8,0.746,0.654,0.84,0.757,887.43,0.39,3.6628522332647964,4.773887329960501,Até 10 mil,Q3,Q3,Q4: maior,0.08910015002728233,0.8148893360160966,0.07194244316393361,0.7223340040241448,0.0016075220294734516,0.4949698189134809,0.4155568979932725,1.0,False,False,False,False,False,False,False,False,False,False,False,True,True,2,True,concentração elevada em 2024; baixa publicização em 2024
86568,CHARRUA,19.0,20.0,23.0,0.0,0.0,0.17187563247602,0.171466003311834,0.1615857613711271,0.6237200164674856,0.8333333333333333,0.6717171717171717,0.6111111111111112,0.9822133727867454,0.985267141396068,0.7092997356589062,0.17187563247602,0.4522540131556516,-0.2222222222222221,-0.2729136371278391,CHARRUA,4305371,430537,Charrua,Tapejara - Sananduva,Passo Fundo,Passo Fundo,Noroeste Rio-grandense,2768,23.12,45392.81,0.62,0.385,0.885,0.699,618.89,0.51,3.44216608578472,4.656987068174012,Até 10 mil,Q1: menor,Q2,Q1: menor,0.1678028961692124,0.9557344064386318,0.0919048189016658,0.7826961770623743,0.029344968374860447,0.5935613682092555,0.3262285016837364,0.9959758551307847,False,True,False,False,False,False,False,False,False,False,False,True,True,2,True,concentração elevada em 2024; baixa publicização em 2024
85650,CAIBATÉ,23.0,20.0,21.0,0.0188068062234863,0.3115363590491141,0.788470459508512,0.2377320402638181,0.2230799892072212,0.3111005181561093,0.6666666666666666,0.8333333333333334,0.7314814814814815,0.9707734929928372,0.9737408198704718,0.9482594638696216,0.7696636532850256,0.0733684778922911,0.0648148148148148,-0.0225140291232155,CAIBATE,4303301,430330,Caibaté,São Luiz Gonzaga,Ijuí,Cerro Largo,Noroeste Rio-grandense,4704,65.86,38352.88,0.719,0.611,0.857,0.709,659.58,0.48,3.6724673130680823,4.583797981613429,Até 10 mil,Q3,Q2,Q3,-0.0211574102492309,0.37424547283702214,0.25352098051782745,0.9899396378269618,0.1636687826947718,0.9175050301810865,0.026043968863347478,0.6237424547283702,False,False,False,True,False,True,False,True,True,True,False,False,False,1,False,acoplamento persistente
86819,GRAMADO,83.0,98.0,83.0,0.0914800049317252,0.3821893581327184,0.671590445339604,0.6438260810057312,0.5151891657878438,0.4852356876861106,0.8918918918918919,0.8863920099875156,0.93993993993994,0.8252556947046368,0.9007325736831922,0.9053423097352816,0.5801104404078787,-0.1585903933196206,0.048048048048048,0.0800866150306447,GRAMADO,4309100,430910,Gramado,Caxias do Sul,Caxias do Sul,Gramado-Canela,Metropolitana de Porto Alegre,40134,86.43,88848.11,0.764,0.662,0.861,0.783,1045.52,0.48,4.603512446336277,4.948648193814916,20–50 mil,Q4: maior,Q4: maior,Q4: maior,0.06281213870376867,0.7142857142857143,0.08411879766976793,0.7686116700201208,0.16847921133532695,0.9215291750503019,0.014542989334189071,0.579476861167002,False,False,True,False,True,True,True,False,True,True,False,False,False,1,False,acoplamento persistente
88951,SÃO SEPÉ,64.0,57.0,83.0,0.0893301177692732,0.436982005995403,0.601972562157739,0.6640407846918437,0.6576657244952375,0.5287238746359086,0.8902229845626073,0.8942687747035574,0.933080808080808,0.7999022955513111,0.8000042222177363,0.8850745448142716,0.5126424443884657,-0.135316910055935,0.0428578235182007,0.0851722492629605,SAO SEPE,4319604,431960,São Sepé,Santa Maria,Santa Maria,Santa Maria,Centro Ocidental Rio-grandense,21219,83.1,49932.09,0.708,0.576,0.871,0.708,656.77,0.51,4.32672491280211,4.698379744634535,20–50 mil,Q2,Q3,Q4: maior,0.08836195870856511,0.8108651911468813,0.15985682679024937,0.9336016096579477,0.16162007947619494,0.9114688128772636,0.05803117628398713,0.7645875251509054,False,False,True,True,True,True,True,True,True,True,False,False,False,1,False,acoplamento persistente
86550,FARROUPILHA,159.0,189.0,153.0,0.033346846528241,0.2498239840551013,0.6793851215084549,0.5164649557649732,0.4643687646957681,0.4314943918471647,0.9194444444444444,0.8302681992337165,0.9490338164251207,0.9041817686791732,0.9286299368958348,0.9370178188047966,0.6460382749802138,-0.0849705639178084,0.0295893719806763,0.0328360501256232,FARROUPILHA,4307906,430790,Farroupilha,Caxias do Sul,Caxias do Sul,Caxias do Sul,Nordeste Rio-grandense,70286,86.43,70577.65,0.777,0.696,0.861,0.783,1045.05,0.43,4.846868828174238,4.8486671937090815,50–100 mil,Q4: maior,Q4: maior,Q4: maior,0.025820273324336007,0.5774647887323944,-0.04214513491342853,0.3420523138832998,0.09331199934644896,0.806841046277666,-0.11908364305844127,0.10462776659959759,True,False,False,False,True,False,True,False,True,True,False,False,False,1,False,acoplamento persistente
88773,SÃO LEOPOLDO,160.0,242.0,173.0,0.0506691604069771,0.3896957361484037,0.6667212719020454,0.6370904446045642,0.5933179049261506,0.5953622634035489,0.9037153322867608,0.9442391669465906,0.9201923076923076,0.855302551262029,0.8825387075911203,0.8797275250283311,0.6160521114950682,-0.0417281812010152,0.0164769754055468,0.024424973766302,SAO LEOPOLDO,4318705,431870,São Leopoldo,Novo Hamburgo - São Leopoldo,Porto Alegre,Porto Alegre,Metropolitana de Porto Alegre,217409,99.46,54003.8,0.739,0.612,0.861,0.766,939.93,0.53,5.337277518450522,4.7324243202112495,Mais de 100 mil,Q3,Q3,Q4: maior,0.009493948348878067,0.48893360160965793,0.048952556447364626,0.6277665995975855,0.04809006707011898,0.6559356136820925,0.029000825569639344,0.6378269617706237,False,False,True,False,True,False,True,False,True,True,False,False,False,1,False,acoplamento persistente
86371,ERECHIM,208.0,258.0,196.0,0.0131833520722514,0.3016028269222278,0.6471461582411285,0.6501295619243288,0.5548699361009259,0.5510166867727999,0.8789651986449031,0.930680986087381,0.8918830101873152,0.8580346795495686,0.8954939247550864,0.8926128024388714,0.633962806168877,-0.0991128751515288,0.0129178115424121,0.0345781228893028,ERECHIM,4307005,430700,Erechim,Erechim,Passo Fundo,Erechim,Noroeste Rio-grandense,105705,96.38,80385.09,0.776,0.716,0.833,0.782,1038.39,0.48,5.024095530552949,4.905175502340277,Mais de 100 mil,Q4: maior,Q4: maior,Q4: maior,-0.03980443008726853,0.30985915492957744,0.029787984315742144,0.5674044265593562,0.003329959270812033,0.5050301810865191,-0.03128633547645854,0.4164989939637827,False,False,True,False,True,False,True,False,True,True,False,False,False,1,False,acoplamento persistente
85316,BAGÉ,188.0,256.0,176.0,0.0875245038349952,0.5293275169175354,0.6123014801105053,0.6975375888030788,0.6780394399035028,0.6112453539395839,0.8981768145854833,0.918040856509968,0.901590825009249,0.8234116889274805,0.8446614313265852,0.8718239632194088,0.5247769762755101,-0.0862922348634949,0.0034140104237657,0.0484122742919282,BAGE,4301602,430160,Bagé,Bagé,Pelotas,Campanha Meridional,Sudoeste Rio-grandense,117938,97.41,37432.95,0.74,0.647,0.848,0.739,795.56,0.56,5.071653758711174,4.5732540541579,Mais de 100 mil,Q3,Q2,Q4: maior,-0.011236587196984282,0.3983903420523139,0.017822339404581666,0.5331991951710262,0.02721119981188258,0.5835010060362174,0.042682502798376265,0.716297786720322,False,False,True,False,True,False,True,False,True,True,False,False,False,1,False,acoplamento persistente
85278,ARVOREZINHA,36.0,39.0,35.0,0.0828476983593745,0.2097833194492964,0.5799691784232947,0.3053918681220173,0.3007239987435084,0.2421817294675536,0.8004115226337448,0.8666666666666666,0.8012820512820513,0.9572790983799117,0.9555827747807544,0.9713023784466156,0.4971214800639201,-0.0632101386544636,0.0008705286483065,0.014023280066704,ARVOREZINHA,4301404,430140,Arvorezinha,Soledade,Passo Fundo,Guaporé,Nordeste Rio-grandense,10322,66.82,39202.88,0.694,0.575,0.817,0.713,675.18,0.41,4.013763854733933,4.593317973198099,10–20 mil,Q2,Q2,Q3,0.06142507899342242,0.710261569416499,0.18489833669086508,0.9537223340040242,0.15582692763155392,0.9014084507042254,-0.1125615676485143,0.11670020120724346,False,False,False,True,False,True,False,True,True,True,False,False,False,1,False,acoplamento persistente
88897,SÃO PAULO DAS MISSÕES,21.0,26.0,21.0,0.0,0.3131416319697141,0.779199556464188,0.2596936450000957,0.2192473180144871,0.3372951245711908,0.8796296296296295,0.5261437908496731,0.8796296296296297,0.9602827533134066,0.976925608836113,0.935623920426454,0.779199556464188,0.077601479571095,1.1102230246251563e-16,-0.0246588328869524,SAO PAULO DAS MISSOES,4319307,431930,São Paulo das Missões,Cerro Largo,Ijuí,Cerro Largo,Noroeste Rio-grandense,5846,40.2,36726.43,0.692,0.584,0.825,0.688,577.86,0.42,3.7668588110214176,4.564978714714666,Até 10 mil,Q2,Q1: menor,Q1: menor,0.2023899773431569,0.9778672032193159,-0.09504271754101967,0.19517102615694165,0.31181693084291995,0.993963782696177,0.05223857527842901,0.7484909456740443,False,True,False,False,True,True,False,True,True,True,False,False,False,1,False,acoplamento persistente
89516,URUGUAIANA,147.0,138.0,134.0,0.0989637424403687,0.2615892246691798,0.6068893270719314,0.6506688593776209,0.6165648863196442,0.50769918918776,0.8897058823529411,0.8786685755189692,0.8861788617886178,0.8411536376021409,0.8621310680633734,0.9101810788813506,0.5079255846315627,-0.1429696701898608,-0.0035270205643233,0.0690274412792096,URUGUAIANA,4322400,432240,Uruguaiana,Uruguaiana,Uruguaiana,Campanha Ocidental,Sudoeste Rio-grandense,117210,94.93,33406.32,0.744,0.661,0.863,0.722,714.26,0.57,5.0689646659444465,4.523828636915645,Mais de 100 mil,Q3,Q1: menor,Q4: maior,0.0035980556460225577,0.4567404426559356,0.03815571964632891,0.5975855130784709,0.04834504597091194,0.6579476861167002,-0.025741582811646846,0.42857142857142855,False,False,True,False,True,False,True,False,True,False,False,False,False,1,False,acoplamento persistente
89273,TAQUARA,139.0,165.0,157.0,0.0550105512215787,0.4321625869323182,0.6745721106390232,0.6214907689872433,0.6175342746600496,0.4229775164502745,0.906989247311828,0.7713333333333333,0.8981220657276996,0.8610881255852053,0.8609751007590688,0.9371806710396822,0.6195615594174445,-0.1985132525369688,-0.0088671815841283,0.0760925454544768,TAQUARA,4321204,432120,Taquara,Taquara - Parobé - Igrejinha,Porto Alegre,Gramado-Canela,Metropolitana de Porto Alegre,53242,82.4,34105.46,0.727,0.579,0.88,0.754,871.42,0.5,4.72625436108982,4.532823911486707,50–100 mil,Q3,Q1: menor,Q4: maior,0.026288192101007968,0.5814889336016097,-0.08768794704689675,0.20724346076458752,0.0389437342737079,0.6217303822937625,-0.13092374174823618,0.08249496981891348,True,False,False,False,True,False,True,False,True,False,False,False,False,1,False,acoplamento persistente
88412,SANTA MARIA,214.0,343.0,258.0,0.0236390764895828,0.4894221667291828,0.7091896244399783,0.6478210989761652,0.6625214505848753,0.635789527096843,0.9405378731803602,0.940550133096717,0.9269640345589713,0.8540933307574436,0.859838718140115,0.8698649555280503,0.6855505479503955,-0.0120315718793222,-0.0135738386213889,0.0157716247706066,SANTA MARIA,4316907,431690,Santa Maria,Santa Maria,Santa Maria,Santa Maria,Centro Ocidental Rio-grandense,271735,96.21,40230.46,0.784,0.715,0.848,0.795,1127.25,0.55,5.434145580000187,4.604554998375874,Mais de 100 mil,Q4: maior,Q2,Q4: maior,0.01915974274905674,0.545271629778672,0.016310920515753558,0.5311871227364185,0.0028797060706474698,0.5030181086519114,0.01872939121248396,0.5935613682092555,True,False,True,False,True,False,True,False,True,False,False,False,False,1,False,acoplamento persistente
87122,MORRINHOS DO SUL,23.0,22.0,18.0,0.0259666905631781,0.0,0.5844108408210972,0.3219731395654615,0.1500344897935157,0.3704677721771738,0.7301587301587301,0.7948717948717949,0.7160493827160495,0.930775269930124,0.988194070917048,0.9015692558241872,0.558444150257919,0.0484946326117123,-0.0141093474426806,-0.0292060141059369,MORRINHOS DO SUL,4312443,431244,Morrinhos do Sul,Torres,Porto Alegre,Osório,Metropolitana de Porto Alegre,3071,47.83,33620.45,0.711,0.593,0.842,0.72,705.78,0.47,3.4872798164430687,4.5266035220483944,Até 10 mil,Q2,Q1: menor,Q2,0.04233465324283259,0.6317907444668008,0.19984507080632297,0.9698189134808853,0.1719751187634596,0.9396378269617707,0.10648164811128075,0.869215291750503,False,False,False,True,False,True,False,True,True,False,False,False,False,1,False,acoplamento persistente
86851,GUAÍBA,269.0,345.0,279.0,0.1722302003624884,0.5770426909121322,0.5979628885278501,0.6675312111986584,0.7852919907074989,0.5897176590223929,0.9634387351778656,0.9404591104734576,0.9481365065110012,0.8431760577782696,0.7799325437971244,0.8864576019822559,0.4257326881653616,-0.0778135521762655,-0.0153022286668643,0.0432815442039862,GUAIBA,4309308,430930,Guaíba,Porto Alegre,Porto Alegre,Porto Alegre,Metropolitana de Porto Alegre,92924,97.49,96872.55,0.73,0.639,0.833,0.732,758.83,0.47,4.968127896140444,4.9862007319279344,50–100 mil,Q3,Q4: maior,Q4: maior,0.021454843509655652,0.5533199195171026,0.015770379692244818,0.5291750503018109,0.014111494173868255,0.5432595573440644,-0.03715026832708801,0.386317907444668,True,False,True,False,True,False,True,False,True,False,False,False,False,1,False,acoplamento persistente
88013,PORTO ALEGRE,575.0,852.0,511.0,0.1989756014287392,0.6134165761534839,0.7325399404896333,0.7793689775172017,0.6468260062838445,0.6510225454150826,0.9685631828488972,0.950044253812636,0.9489795918367346,0.797875324824748,0.8754921572286433,0.8740639269981385,0.5335643390608941,-0.128346432102119,-0.0195835910121624,0.0761886021733905,PORTO ALEGRE,4314902,431490,Porto Alegre,Porto Alegre,Porto Alegre,Porto Alegre,Metropolitana de Porto Alegre,1332845,99.82,78586.94,0.805,0.702,0.857,0.867,1758.27,0.6,6.1247796471192615,4.895350378645008,Mais de 100 mil,Q4: maior,Q4: maior,Q4: maior,-0.037008496041089245,0.32796780684104626,-0.03126502695215716,0.3762575452716298,-0.05925536843259416,0.2837022132796781,-0.05034230176820009,0.317907444668008,True,False,True,False,True,False,True,False,True,False,False,False,False,1,False,acoplamento persistente
88153,RIO GRANDE,427.0,405.0,267.0,0.0218591374542582,0.3920710346314007,0.5954296151095548,0.840542085635076,0.6559326375329086,0.6590815615231045,0.9415904292751583,0.9325396825396826,0.9154084397986836,0.5865306746520739,0.8650428128662153,0.8356995515397033,0.5735704776552966,-0.1814605241119715,-0.0261819894764747,0.2491688768876294,RIO GRANDE,4315602,431560,Rio Grande,Pelotas,Pelotas,Litoral Lagunar,Sudeste Rio-grandense,191900,95.63,73510.58,0.744,0.637,0.861,0.752,859.2,0.51,5.283074974735472,4.866349849355585,Mais de 100 mil,Q3,Q4: maior,Q4: maior,-0.03996496479298217,0.30784708249496984,-0.004117440930415883,0.47283702213279677,-0.013041395055466087,0.43661971830985913,0.037718932620206536,0.6881287726358148,True,False,True,False,True,False,True,False,True,False,False,False,False,1,False,acoplamento persistente
86797,GIRUÁ,49.0,68.0,58.0,0.0141564162378838,0.1837147196033174,0.4765094541501991,0.3050962473536536,0.4247259766882254,0.4473857999068851,0.916267942583732,0.9409888357256776,0.8897485493230174,0.9597686579630036,0.9281512421831408,0.918058740257822,0.4623530379123152,0.1422895525532315,-0.0265193932607147,-0.0417099177051817,GIRUA,4309001,430900,Giruá,Santo Ângelo,Ijuí,Santo Ângelo,Noroeste Rio-grandense,16013,80.88,63540.12,0.721,0.629,0.842,0.707,653.18,0.53,4.204472703648964,4.803048030687676,10–20 mil,Q3,Q4: maior,Q3,0.14315863879615198,0.9255533199195171,0.18351429451096102,0.9496981891348089,0.16966073988791008,0.9275653923541247,0.024431406075643702,0.6177062374245473,True,True,True,True,True,True,True,True,True,False,False,False,False,1,False,acoplamento persistente
85898,CANOAS,295.0,474.0,330.0,0.1000933989401746,0.4145558482770203,0.6404661794044156,0.7389836442763338,0.6745830890198086,0.6644976365349959,0.975842891901286,0.9616314516976768,0.9448297118200032,0.8112783615696068,0.8587894743092779,0.8575335058205223,0.540372780464241,-0.0744860077413378,-0.0310131800812829,0.0462551442509155,CANOAS,4304606,430460,Canoas,Porto Alegre,Porto Alegre,Porto Alegre,Metropolitana de Porto Alegre,347657,100.0,83895.04,0.75,0.636,0.864,0.768,952.13,0.51,5.5411509782370025,4.923736285449609,Mais de 100 mil,Q4: maior,Q4: maior,Q4: maior,0.025737181451526592,0.5754527162977867,0.014037066842120693,0.5231388329979879,-0.010257025989649615,0.44466800804828976,0.01672191234473941,0.5875251509054326,True,False,True,False,True,False,True,False,True,False,False,False,False,1,False,acoplamento persistente
88536,SANTO ÂNGELO,117.0,161.0,140.0,0.0785348540778741,0.5075837808683511,0.7213468386577603,0.6477600573950646,0.5460504907459958,0.5022166818974274,0.9137254901960784,0.8073059360730594,0.8816,0.835338515427606,0.8934521196311834,0.9098476030704334,0.6428119845798861,-0.1455433754976371,-0.0321254901960783,0.0745090876428274,SANTO ANGELO,4317509,431750,Santo Ângelo,Santo Ângelo,Ijuí,Santo Ângelo,Noroeste Rio-grandense,76917,94.7,43941.11,0.772,0.696,0.863,0.765,936.27,0.54,4.886022337073806,4.642871023471749,50–100 mil,Q4: maior,Q2,Q4: maior,0.0499150253689693,0.6619718309859155,-0.04923301243240674,0.3118712273641851,0.03783327650452473,0.6177062374245473,-0.03689680672925599,0.3903420523138833,True,False,False,False,True,False,True,False,True,False,False,False,False,1,False,acoplamento persistente
85111,ALVORADA,281.0,328.0,277.0,0.0594619632352726,0.5253051116029133,0.6926255444046487,0.6656420755528931,0.7181560487416727,0.6944037268299645,0.9688057040998218,0.9024021184036316,0.9355203619909502,0.8498886003763492,0.8234263250424877,0.8343128783006318,0.6331635811693761,0.0287616512770714,-0.0332853421088715,-0.0155757220757173,ALVORADA,4300604,430060,Alvorada,Porto Alegre,Porto Alegre,Porto Alegre,Metropolitana de Porto Alegre,187315,100.0,22048.07,0.699,0.564,0.874,0.694,600.48,0.43,5.272572556640521,4.343370579063048,Mais de 100 mil,Q2,Q1: menor,Q4: maior,0.022966330282587433,0.5573440643863179,-0.01834339684172115,0.4164989939637827,0.0024059988391338383,0.49899396378269617,0.06843585273890884,0.7927565392354124,True,False,True,False,True,False,True,False,True,False,False,False,False,1,False,acoplamento persistente
87858,PASSO FUNDO,266.0,333.0,217.0,0.0441145471865193,0.4661370093520993,0.6908518454821547,0.6884306977276335,0.5768122496733874,0.6016752670772554,0.9438289601554908,0.8751526251526252,0.9084062196307092,0.841778903148978,0.8952308659533991,0.882678202663524,0.6467372982956354,-0.0867554306503781,-0.0354227405247813,0.040899299514546,PASSO FUNDO,4314100,431410,Passo Fundo,Passo Fundo,Passo Fundo,Passo Fundo,Noroeste Rio-grandense,206215,98.29,68227.53,0.776,0.699,0.849,0.787,1068.95,0.52,5.314320252510518,4.833959649064058,Mais de 100 mil,Q4: maior,Q4: maior,Q4: maior,0.002839768824222433,0.45271629778672035,-0.04678209536516742,0.323943661971831,0.006583549422721435,0.5150905432595574,0.006445048967253619,0.5513078470824949,True,False,False,False,True,False,True,False,True,False,False,False,False,1,False,acoplamento persistente
87912,PELOTAS,337.0,425.0,252.0,0.0604371466007959,0.4977761722072102,0.644493545224914,0.7660121582967518,0.6759513010938447,0.603510000500473,0.9567510548523206,0.9222065063649222,0.9204287775716348,0.7918862825796048,0.8587164069647827,0.885926616722032,0.5840563986241181,-0.1625021577962788,-0.0363222772806859,0.0940403341424271,PELOTAS,4314407,431440,Pelotas,Pelotas,Pelotas,Pelotas,Sudeste Rio-grandense,325685,93.85,38322.06,0.739,0.632,0.844,0.758,894.35,0.54,5.512797756823262,4.583448846507406,Mais de 100 mil,Q3,Q2,Q4: maior,-0.004878522452562595,0.42052313883299797,-0.01788659211708077,0.41851106639839036,-0.0006510929205316707,0.482897384305835,-0.010593233384105782,0.4708249496981891,True,False,True,False,True,False,True,False,True,False,False,False,False,1,False,acoplamento persistente
85995,CAXIAS DO SUL,393.0,488.0,341.0,0.0160698824072308,0.394911672034313,0.7339152739786409,0.6452996243107245,0.6742722228519653,0.6418999545305826,0.9417156286721504,0.9170172978027116,0.9006015859994532,0.8687550990142859,0.8602300324005773,0.8648603135380136,0.71784539157141,-0.0033996697801419,-0.0411140426726972,-0.0038947854762723,CAXIAS DO SUL,4305108,430510,Caxias do Sul,Caxias do Sul,Caxias do Sul,Caxias do Sul,Nordeste Rio-grandense,463501,96.47,81683.97,0.782,0.686,0.86,0.812,1253.93,0.48,5.666050675468679,4.9121368371492995,Mais de 100 mil,Q4: maior,Q4: maior,Q4: maior,-0.03293766030887324,0.3460764587525151,-0.03251315362868323,0.3682092555331992,-0.058556503351208544,0.2857142857142857,-0.009937965393991721,0.4768611670020121,True,False,True,False,True,False,True,False,True,False,False,False,False,1,False,acoplamento persistente
86835,GRAVATAÍ,352.0,419.0,328.0,0.0446823088921355,0.5564185263894704,0.6755791305245795,0.7244759067881548,0.7000463386796116,0.6208953246605708,0.909941015681197,0.9111031347212252,0.8675352877307274,0.821418688695999,0.8439526040523584,0.8791896778071752,0.630896821632444,-0.1035805821275839,-0.0424057279504695,0.0577709891111761,GRAVATAI,4309209,430920,Gravataí,Porto Alegre,Porto Alegre,Porto Alegre,Metropolitana de Porto Alegre,265074,96.07,58646.11,0.736,0.636,0.862,0.727,737.29,0.44,5.42336713169278,4.768239210627804,Mais de 100 mil,Q3,Q3,Q4: maior,-0.05540905780630545,0.2575452716297787,-0.02798424035612157,0.39235412474849096,-0.08679512101062692,0.21730382293762576,-0.026126519125899694,0.4245472837022133,True,False,True,False,True,False,True,False,True,False,False,False,False,1,False,acoplamento persistente
88633,SÃO BORJA,122.0,129.0,102.0,0.212569775558406,0.4236888683617323,0.6161626694891901,0.6204015973927441,0.5826502546292278,0.4941737729447404,0.9370716510903426,0.9619883040935672,0.8896551724137932,0.852591609864247,0.8669322681309498,0.9087738890861714,0.403592893930784,-0.1262278244480037,-0.0474164786765494,0.0561822792219244,SAO BORJA,4318002,431800,São Borja,São Borja,Uruguaiana,Campanha Ocidental,Sudoeste Rio-grandense,59676,89.91,42737.25,0.736,0.643,0.86,0.72,705.72,0.55,4.77579970527985,4.630806573320579,50–100 mil,Q3,Q2,Q4: maior,0.06912537847760392,0.7303822937625755,0.1287214076887927,0.8792756539235412,0.08930044680362781,0.7907444668008048,-0.0036784884465944634,0.5030181086519114,True,False,True,False,True,False,True,False,True,False,False,False,False,1,False,acoplamento persistente
86517,ESTEIO,122.0,168.0,136.0,0.0514984643929815,0.3631362122586973,0.6482756046409998,0.5935720118566012,0.5949116627663629,0.5558740217558948,0.9625,0.9582278481012658,0.8976190476190476,0.8631932511596011,0.8759080556673139,0.8902241848848115,0.5967771402480182,-0.0376979901007064,-0.0648809523809523,0.0270309337252103,ESTEIO,4307708,430770,Esteio,Porto Alegre,Porto Alegre,Porto Alegre,Metropolitana de Porto Alegre,76137,99.95,52518.32,0.754,0.662,0.843,0.769,955.86,0.48,4.881595760459516,4.720310825064067,50–100 mil,Q4: maior,Q3,Q4: maior,0.09455372738726131,0.8350100603621731,0.09739610395845433,0.8008048289738431,0.05777596814601682,0.6861167002012073,0.020513333502814035,0.5995975855130785,True,False,True,False,True,False,True,False,True,False,False,False,False,1,False,acoplamento persistente
87718,NOVO HAMBURGO,197.0,235.0,151.0,0.0404672917073401,0.3550071588386982,0.6027560992241527,0.6417678167805132,0.6886547644668195,0.6505074728834854,0.9500390320062452,0.9709114414996768,0.8832116788321167,0.8550955485428208,0.831141793139656,0.8478112813621255,0.5622888075168126,0.0087396561029722,-0.0668273531741283,-0.0072842671806953,NOVO HAMBURGO,4313409,431340,Novo Hamburgo,Novo Hamburgo - São Leopoldo,Porto Alegre,Porto Alegre,Metropolitana de Porto Alegre,227646,97.57,52434.84,0.747,0.629,0.852,0.778,1011.62,0.53,5.357260023661605,4.719619947133474,Mais de 100 mil,Q4: maior,Q3,Q4: maior,0.03628183501682103,0.607645875251509,0.07823899044757321,0.7484909456740443,0.029255312760377628,0.5915492957746479,0.10162532050115913,0.8651911468812877,True,False,True,False,True,False,True,False,True,False,False,False,False,1,False,acoplamento persistente
86240,ELDORADO DO SUL,118.0,79.0,85.0,0.0437142104460435,0.1872235378199539,0.5443238759183708,0.7183027421326011,0.6804539123185036,0.5905289594103031,0.930682976554536,0.9761904761904764,0.861842105263158,0.7842641094656932,0.7903067372687699,0.8548850827780424,0.5006096654723273,-0.127773782722298,-0.0688408712913781,0.0706209733123491,ELDORADO DO SUL,4306767,430676,Eldorado do Sul,Porto Alegre,Porto Alegre,Porto Alegre,Metropolitana de Porto Alegre,39559,93.94,66318.44,0.717,0.609,0.844,0.717,692.0,0.46,4.5972453046650035,4.8216343018100085,20–50 mil,Q2,Q4: maior,Q4: maior,0.06602965432062102,0.7263581488933601,0.19984688886476998,0.971830985915493,0.08701881655737209,0.7806841046277666,0.11668742424689876,0.8893360160965795,True,False,True,True,True,False,True,False,True,False,False,False,False,1,False,acoplamento persistente
89354,TRAMANDAÍ,107.0,175.0,150.0,0.0524709855759471,0.2938867761031105,0.6874932929996966,0.5986668513062403,0.5589584032351884,0.5776265797083047,0.909165302782324,0.9254510921177588,0.8368893879842785,0.8670340835622196,0.8954751491438607,0.8807992239665607,0.6350223074237494,-0.0210402715979356,-0.0722759147980456,0.0137651404043411,TRAMANDAI,4321600,432160,Tramandaí,Tramandaí - Osório,Porto Alegre,Osório,Metropolitana de Porto Alegre,54387,99.46,29046.01,0.719,0.606,0.842,0.727,737.84,0.5,4.735495103687781,4.463086482544057,50–100 mil,Q3,Q1: menor,Q4: maior,0.054256359406311905,0.6780684104627767,0.06055559596023197,0.6680080482897385,-0.01617465546224628,0.4305835010060362,0.02960120628796825,0.6458752515090543,True,False,True,False,False,False,True,False,True,False,False,False,False,1,False,acoplamento persistente
85618,CACHOEIRINHA,197.0,333.0,196.0,0.0168543653833472,0.4555547712834318,0.7008850352805289,0.7215259316147291,0.6840076741806864,0.6207232956256932,0.9552287581699346,0.8636448250186151,0.8797239566217548,0.8108410908930859,0.8318815610984559,0.8641137515870052,0.6840306698971816,-0.1008026359890359,-0.0755048015481797,0.0532726606939193,CACHOEIRINHA,4303103,430310,Cachoeirinha,Porto Alegre,Porto Alegre,Porto Alegre,Metropolitana de Porto Alegre,136258,100.0,57110.95,0.757,0.675,0.857,0.749,844.04,0.44,5.1343620100595775,4.75671938440442,Mais de 100 mil,Q4: maior,Q3,Q4: maior,0.04147156118051043,0.6257545271629779,-0.05828989549917751,0.2796780684104628,-0.008829094294748319,0.448692152917505,0.03842027337643472,0.6941649899396378,True,False,False,False,True,False,True,False,True,False,False,False,False,1,False,acoplamento persistente
87394,MARCELINO RAMOS,23.0,30.0,27.0,0.0195059688264608,0.1657280040760412,0.6607905429049106,0.2494385782049308,0.3045680769570276,0.2828969568850852,0.8809523809523809,0.7460317460317459,0.8024691358024691,0.9680722003402292,0.94982479700071,0.9608211008016112,0.6412845740784496,0.0334583786801543,-0.0784832451499117,-0.007251099538618,MARCELINO RAMOS,4311908,431190,Marcelino Ramos,Erechim,Passo Fundo,Erechim,Noroeste Rio-grandense,4320,54.1,44568.3,0.724,0.618,0.834,0.735,777.41,0.47,3.635483746814912,4.649026068802358,Até 10 mil,Q3,Q2,Q2,0.1931283040364834,0.971830985915493,0.10297779444512467,0.8289738430583501,0.19623098997350363,0.9577464788732394,-0.036495323386311174,0.39235412474849096,False,True,False,False,False,True,False,True,True,False,False,False,False,1,False,acoplamento persistente
88269,CHUVISCA,24.0,40.0,31.0,0.0646062938877392,0.2840065880721221,0.4985823616067454,0.4067594357971078,0.2483256071901398,0.3050498361431715,0.9407407407407408,0.8817204301075269,0.8585858585858586,0.9134465002148178,0.9681443053532792,0.954351276858344,0.4339760677190061,-0.1017095996539363,-0.0821548821548822,0.0409047766435262,CHUVISCA,4305447,430544,Chuvisca,Camaquã,Porto Alegre,Camaquã,Metropolitana de Porto Alegre,4597,7.33,35548.18,0.616,0.437,0.818,0.655,471.66,0.46,3.6624745037503095,4.550817370573784,Até 10 mil,Q1: menor,Q1: menor,Q1: menor,0.2479855291362908,0.9919517102615694,0.1963141056779273,0.9637826961770624,0.23140550182745312,0.9818913480885312,-0.03318023411444776,0.4124748490945674,True,True,True,True,False,True,True,True,True,False,False,False,False,1,False,acoplamento persistente
87068,MINAS DO LEÃO,28.0,46.0,51.0,0.0600785018964085,0.4057790608219094,0.6331482572301945,0.40110444118354,0.6306514842456317,0.3596291716898112,0.8713450292397662,0.9009009009009008,0.7857142857142857,0.9216672138660592,0.8124715683138735,0.937827194181491,0.5730697553337859,-0.0414752694937288,-0.0856307435254805,0.0161599803154318,MINAS DO LEAO,4312252,431225,Minas do Leão,Charqueadas - Triunfo - São Jerônimo,Porto Alegre,São Jerônimo,Metropolitana de Porto Alegre,7505,96.6,38782.22,0.681,0.514,0.826,0.743,815.23,0.62,3.875350696579289,4.588632665654354,Até 10 mil,Q1: menor,Q2,Q4: maior,0.16084761827107075,0.9476861167002012,0.19573148273368102,0.9617706237424547,0.08439602653310951,0.7706237424547284,-0.046048760220388396,0.34004024144869216,False,True,True,True,False,False,False,True,True,False,False,False,False,1,False,acoplamento persistente
86193,CRUZ ALTA,162.0,248.0,107.0,0.0489622296027998,0.4271429759878148,0.7339354838962772,0.6746360470160162,0.6848671881898942,0.5030380922538065,0.9154195011337868,0.9198855507868384,0.8289855072463768,0.828302402321231,0.8357407644761621,0.9057861583489994,0.6849732542934772,-0.1715979547622097,-0.0864339938874101,0.0774837560277684,CRUZ ALTA,4306106,430610,Cruz Alta,Cruz Alta,Passo Fundo,Cruz Alta,Noroeste Rio-grandense,58913,97.12,74684.47,0.75,0.653,0.858,0.754,871.81,0.53,4.770211138680181,4.87323030336164,50–100 mil,Q4: maior,Q4: maior,Q4: maior,0.020016261435133686,0.5472837022132797,0.02243878854767034,0.5412474849094567,0.021993481860638653,0.5613682092555332,-0.0010863841675851083,0.5150905432595574,True,False,True,False,False,False,True,False,True,False,False,False,False,1,False,acoplamento persistente
86738,GENERAL CÂMARA,48.0,66.0,43.0,0.0885257585588043,0.1467679344343294,0.6607214327187044,0.4937667834360599,0.4763175089665605,0.4731977164053373,0.9116809116809116,0.9103313840155944,0.8235294117647058,0.8953800779012291,0.9050976614203844,0.8979390282899911,0.5721956741599001,-0.0205690670307225,-0.0881514999162058,0.0025589503887619,GENERAL CAMARA,4308805,430880,General Câmara,Charqueadas - Triunfo - São Jerônimo,Porto Alegre,São Jerônimo,Metropolitana de Porto Alegre,7612,58.74,30748.5,0.686,0.552,0.832,0.704,640.45,0.49,3.881498779614983,4.487823934498031,Até 10 mil,Q2,Q1: menor,Q2,0.14082343697072341,0.9215291750503019,0.15669390992873167,0.9275653923541247,0.14736552432068906,0.8933601609657947,0.09054242032964949,0.8370221327967807,True,True,True,True,False,False,True,True,True,False,False,False,False,1,False,acoplamento persistente
89630,VIAMÃO,330.0,446.0,295.0,0.0760234958944172,0.4469760510050544,0.6639213661546984,0.7169683890471843,0.7328053851253338,0.6280916144166999,0.9382031129603944,0.8994957983193277,0.8492353145637817,0.8301113131110168,0.8279089626191944,0.8737977487395411,0.5878978702602813,-0.0888767746304843,-0.0889677983966128,0.0436864356285242,VIAMAO,4323002,432300,Viamão,Porto Alegre,Porto Alegre,Porto Alegre,Metropolitana de Porto Alegre,224112,95.45,24741.59,0.717,0.591,0.866,0.72,707.05,0.47,5.350465111306393,4.393427605803919,Mais de 100 mil,Q2,Q1: menor,Q4: maior,-0.021624418620464603,0.3722334004024145,-0.043960233292455686,0.33601609657947684,-0.09182574468508187,0.20724346076458752,-0.005741373327384336,0.49295774647887325,True,False,True,False,False,False,True,False,True,False,False,False,False,1,False,acoplamento persistente
86134,CONSTANTINA,31.0,33.0,42.0,0.0686701614478004,0.097936531828434,0.7688569610247021,0.2840465823052494,0.254781250471271,0.2865717601793367,0.8636363636363636,0.8240740740740741,0.771043771043771,0.9601792235193266,0.9609940642973296,0.9590420777348228,0.7001867995769017,0.0025251778740873,-0.0925925925925926,-0.0011371457845037,CONSTANTINA,4305801,430580,Constantina,Carazinho,Passo Fundo,Frederico Westphalen,Noroeste Rio-grandense,10385,77.73,45442.93,0.754,0.668,0.885,0.726,732.39,0.45,4.016406500871118,4.657466325383607,10–20 mil,Q4: maior,Q2,Q3,0.14153260499675158,0.9235412474849095,0.16674544800850943,0.9396378269617707,0.0983707196768443,0.8148893360160966,-0.09290003963295801,0.158953722334004,False,True,False,True,False,False,False,True,True,False,False,False,False,1,False,acoplamento persistente
87939,PINHEIRO MACHADO,61.0,64.0,52.0,0.0615483801493918,0.5445207944832747,0.6024302240957466,0.5957663516235192,0.4714241656176727,0.437951827527741,0.908119658119658,0.8818181818181818,0.7700258397932817,0.8497641335719477,0.90926096483552,0.92089566894884,0.5408818439463549,-0.1578145240957782,-0.1380938183263764,0.0711315353768923,PINHEIRO MACHADO,4314506,431450,Pinheiro Machado,Bagé,Pelotas,Serras de Sudeste,Sudeste Rio-grandense,11214,79.75,31915.07,0.661,0.499,0.846,0.685,567.32,0.48,4.049760551762476,4.503995801314168,10–20 mil,Q1: menor,Q1: menor,Q3,0.11136949780994354,0.8812877263581489,0.132163546048074,0.8873239436619719,0.06586303642198554,0.7223340040241448,0.02966108073635587,0.647887323943662,True,False,True,False,False,False,True,False,True,False,False,False,False,1,False,acoplamento persistente
89010,SAPUCAIA DO SUL,166.0,232.0,129.0,0.0465883357316623,0.2984400002116574,0.6767973486937549,0.5789689267541946,0.6042432881684574,0.5533323170234268,0.9343108504398828,0.9201974496092142,0.7889060092449923,0.8814749014637293,0.8738970831333169,0.8923708131926412,0.6302090129620924,-0.0256366097307678,-0.1454048411948904,0.0108959117289119,SAPUCAIA DO SUL,4320008,432000,Sapucaia do Sul,Porto Alegre,Porto Alegre,Porto Alegre,Metropolitana de Porto Alegre,132107,99.67,35799.83,0.726,0.624,0.844,0.726,733.28,0.44,5.120925830338445,4.553880964346745,Mais de 100 mil,Q3,Q1: menor,Q4: maior,0.03659267687422785,0.613682092555332,0.028677931766408205,0.5613682092555332,-0.04375822981712485,0.3440643863179074,0.024825498061033846,0.6197183098591549,True,False,True,False,False,False,True,False,True,False,False,False,False,1,False,acoplamento persistente
86045,AMARAL FERRADOR,31.0,55.0,42.0,0.0079109007127179,0.1111462189799904,0.4516601451859308,0.3787095351768088,0.2570764235011611,0.407321032958025,0.904040404040404,0.9094202898550724,0.6936026936026937,0.9301657831741004,0.9696164073431216,0.9269642685111932,0.4437492444732128,0.0286114977812161,-0.2104377104377103,-0.0032015146629071,AMARAL FERRADOR,4300638,430063,Amaral Ferrador,Camaquã,Porto Alegre,Serras de Sudeste,Sudeste Rio-grandense,5310,32.26,32778.62,0.624,0.457,0.802,0.664,499.77,0.44,3.725094521081469,4.515590665555382,Até 10 mil,Q1: menor,Q1: menor,Q1: menor,0.1819366454007919,0.9637826961770624,0.17978780579235165,0.9456740442655935,0.020929642235766988,0.5593561368209256,0.02784923314573029,0.6297786720321932,False,True,True,True,False,False,False,True,True,False,False,False,False,1,False,acoplamento persistente
85804,CIDREIRA,90.0,91.0,84.0,0.0249244225874989,0.342489151459643,0.6133709387556286,0.6131948592682834,0.5874616983059961,0.4957585711995431,0.9231824417009604,0.8861788617886178,0.7125925925925927,0.8476073129348493,0.8509165591685044,0.9006591111496494,0.5884465161681297,-0.1174362880687402,-0.2105898491083676,0.0530517982148001,CIDREIRA,4305454,430545,Cidreira,Tramandaí - Osório,Porto Alegre,Osório,Metropolitana de Porto Alegre,17071,97.93,23836.71,0.729,0.625,0.848,0.73,750.55,0.49,4.232258962342701,4.377246312836398,10–20 mil,Q3,Q1: menor,Q4: maior,0.08578523404973959,0.7987927565392354,0.09266181285775388,0.7847082494969819,-0.06056023004811073,0.28169014084507044,0.023481711855697307,0.6116700201207244,True,False,True,False,False,False,True,False,True,False,False,False,False,1,False,acoplamento persistente
88102,VILA NOVA DO SUL,24.0,30.0,28.0,0.2133017531990411,0.0430812577142377,0.5633193623088554,0.3635570281075335,0.4540572851483826,0.369479599843612,0.8962962962962964,0.8835978835978836,0.6345029239766082,0.9316834458671264,0.8805136713202373,0.9323885307100008,0.3500176091098142,0.0059225717360784,-0.2617933723196881,0.0007050848428744,VILA NOVA DO SUL,4323457,432345,Vila Nova do Sul,São Gabriel - Caçapava do Sul,Santa Maria,Santa Maria,Centro Ocidental Rio-grandense,3863,60.29,56302.82,0.662,0.544,0.827,0.645,442.26,0.44,3.5869247081448203,4.750530147600331,Até 10 mil,Q1: menor,Q3,Q2,0.2035410846918464,0.9818913480885312,0.24054393201126234,0.9849094567404426,0.022738222911664496,0.5653923541247485,0.04512484508351511,0.7243460764587525,False,True,True,True,False,False,False,True,True,False,False,False,False,1,False,acoplamento persistente
86150,CORONEL BICACO,23.0,26.0,22.0,0.0279676442072205,0.2059113016477022,0.6569178645802208,0.3266020519508903,0.4996632558251517,0.3560766608952843,0.9126984126984128,0.7843137254901961,0.6495726495726495,0.9446796332670864,0.8668648074810289,0.9329884293676738,0.6289502203730002,0.029474608944394,-0.2631257631257632,-0.0116912038994125,CORONEL BICACO,4305900,430590,Coronel Bicaco,Ijuí,Ijuí,Ijuí,Noroeste Rio-grandense,6144,73.54,64631.38,0.665,0.55,0.803,0.667,509.04,0.51,3.7884512070234555,4.810443429015456,Até 10 mil,Q1: menor,Q4: maior,Q3,0.22487433578251526,0.9839034205231388,0.16312721709950329,0.937625754527163,0.07461888575589459,0.7464788732394366,0.06466084814200179,0.7867203219315896,True,True,False,True,False,False,False,True,True,False,False,False,False,1,False,acoplamento persistente
88757,SÃO JOSÉ DO OURO,10.0,47.0,42.0,0.0027107445782849,0.1619221226577404,0.772318345606251,0.1171550374218288,0.2348278184483434,0.2608852534746935,0.2222222222222222,0.4532163742690058,0.632996632996633,0.9888707806096424,0.9739385890627884,0.9663910311501996,0.7696076010279661,0.1437302160528646,0.4107744107744108,-0.0224797494594426,SAO JOSE DO OURO,4318606,431860,São José do Ouro,Lagoa Vermelha,Passo Fundo,Sananduva,Noroeste Rio-grandense,6834,64.91,62370.16,0.755,0.669,0.846,0.759,901.51,0.55,3.834674974462744,4.794976858160927,Até 10 mil,Q4: maior,Q4: maior,Q3,-0.3671123882037327,0.004024144869215292,-0.2549455118151967,0.026156941649899398,-0.039676418370293676,0.3702213279678068,-0.11858654633760124,0.10663983903420524,False,False,False,False,False,False,False,False,False,True,True,False,False,1,False,forte contratendência da AUC
88226,NOVA CANDELÁRIA,19.0,27.0,22.0,0.007524616590236,0.0775681656111363,0.6497729956812075,0.2522321379082484,0.2389785931207071,0.3124081858585881,0.3166666666666667,0.5740740740740741,0.6666666666666666,0.9605984898740888,0.9695760431689242,0.9496787773292952,0.6422483790909714,0.0601760479503397,0.3499999999999999,-0.0109197125447936,NOVA CANDELARIA,4313011,431301,Nova Candelária,Três de Maio,Ijuí,Três Passos,Noroeste Rio-grandense,3061,42.93,73796.7,0.759,0.643,0.856,0.794,1120.1,0.41,3.4858633295973345,4.868036941716894,Até 10 mil,Q4: maior,Q4: maior,Q1: menor,-0.34886377049745415,0.008048289738430584,-0.05292926326414382,0.30181086519114686,0.09171290284991174,0.8008048289738431,0.020992373105305606,0.6036217303822937,False,False,False,False,False,False,False,False,False,True,True,False,False,1,False,forte contratendência da AUC
89460,SÃO JOSÉ DO SUL,16.0,26.0,25.0,0.0139177220692298,0.0,0.6737162247108284,0.152786908681709,0.1607600587392936,0.4098720119632753,0.3650793650793651,0.3627450980392157,0.6944444444444445,0.9859149309360474,0.9856333272353344,0.9039654251836158,0.6597985026415986,0.2570851032815662,0.3293650793650794,-0.0819495057524316,SAO JOSE DO SUL,4318614,431861,São José do Sul,Montenegro,Porto Alegre,Montenegro,Metropolitana de Porto Alegre,2380,39.08,46854.47,0.725,0.59,0.836,0.774,989.48,0.39,3.376576957056512,4.6707510296683985,Até 10 mil,Q3,Q2,Q1: menor,-0.28020700574678026,0.022132796780684104,-0.2584414103514771,0.02414486921529175,0.09993162684527623,0.8189134808853119,0.10098791244133648,0.8631790744466801,False,False,False,False,False,False,False,False,False,True,True,False,False,1,False,forte contratendência da AUC
85340,PINHAL,13.0,23.0,22.0,0.0324579964440678,0.4245594067008121,0.5682653851681266,0.1669177106183077,0.2106542024508193,0.1961431087428753,0.3333333333333333,0.7063492063492063,0.6153846153846154,0.9829987292084172,0.9738189941494164,0.9762486495817764,0.5358073887240588,0.0292253981245675,0.282051282051282,-0.0067500796266406,PINHAL,4314456,431445,Pinhal,Frederico Westphalen,Passo Fundo,Carazinho,Noroeste Rio-grandense,2959,51.3,52087.42,0.72,0.624,0.852,0.701,625.79,0.45,3.471144965160633,4.71673284644186,Até 10 mil,Q3,Q3,Q2,-0.2873086695827127,0.018108651911468814,0.10429726244050674,0.8370221327967807,0.040430851567860526,0.6237424547283702,-0.09527270401040719,0.1488933601609658,False,False,False,False,False,False,False,False,False,True,True,False,False,1,False,forte contratendência da AUC
89028,ARROIO DO PADRE,31.0,35.0,24.0,0.0282997026806886,0.4284001384448034,0.5603820515819112,0.1332591728463119,0.3973244207529072,0.3827240881633276,0.5782828282828283,0.5512820512820512,0.8037037037037037,0.9889122432006024,0.9011869650974518,0.907157538293366,0.5320823489012225,0.2494649153170156,0.2254208754208754,-0.0817547049072365,ARROIO DO PADRE,4301073,430107,Arroio do Padre,Pelotas,Pelotas,Pelotas,Sudeste Rio-grandense,2599,26.59,37149.25,0.669,0.461,0.86,0.756,883.18,0.53,3.4148062795010126,4.569950050286383,Até 10 mil,Q1: menor,Q2,Q1: menor,-0.14382093035678378,0.10261569416498995,-0.1147401872589513,0.1710261569416499,0.21542603626851808,0.9678068410462777,0.07941675999496667,0.8189134808853119,False,False,False,False,False,True,False,False,False,True,True,False,False,1,False,forte contratendência da AUC
86401,BARRA FUNDA,19.0,27.0,15.0,0.0026152584955495,0.0,0.8157660067772428,0.5198745674675591,0.216293674263611,0.1730693775637595,0.4333333333333333,0.4259259259259259,0.6481481481481481,0.8208670242986327,0.9760858265351928,0.9718643335304936,0.8131507482816932,-0.3468051899037996,0.2148148148148148,0.1509973092318608,BARRA FUNDA,4301958,430195,Barra Funda,Carazinho,Passo Fundo,Carazinho,Noroeste Rio-grandense,2498,72.1,67006.24,0.763,0.71,0.856,0.731,757.01,0.39,3.3975924340381165,4.82611524854229,Até 10 mil,Q4: maior,Q4: maior,Q3,-0.23219710383078757,0.04225352112676056,-0.20107741141229202,0.052313883299798795,0.13226562409042786,0.8732394366197183,-0.06602754468555166,0.26156941649899396,False,False,False,False,False,False,False,False,False,True,True,False,False,1,False,forte contratendência da AUC
88862,ARARICÁ,58.0,87.0,69.0,0.0350771145648934,0.3706004658415238,0.598478097485839,0.5114628502891971,0.5633675733433596,0.3773681334891279,0.546485260770975,0.811965811965812,0.7592592592592592,0.877931536075117,0.8654454940003928,0.9309337786406932,0.5634009829209456,-0.1340947168000692,0.2127739984882841,0.0530022425655762,ARARICA,4300877,430087,Araricá,Novo Hamburgo - São Leopoldo,Porto Alegre,Porto Alegre,Metropolitana de Porto Alegre,8525,80.38,37883.33,0.679,0.547,0.824,0.696,609.69,0.35,3.9306943876645355,4.578448147127997,Até 10 mil,Q1: menor,Q2,Q3,-0.24486863229405442,0.028169014084507043,0.023841832063183577,0.5472837022132797,0.014103190757335238,0.5412474849094567,-0.06879595945681682,0.2515090543259557,False,False,False,False,False,False,False,False,False,True,True,False,False,1,False,forte contratendência da AUC
89125,CAPÃO BONITO DO SUL,39.0,28.0,27.0,0.0292370070145671,0.2323988453446842,0.502936323260752,0.2841154883518246,0.3108116136517718,0.2484513279604172,0.3444444444444444,0.8304093567251462,0.5524691358024691,0.9641455512675742,0.9349522758016938,0.969969919913146,0.4736993162461848,-0.0356641603914074,0.2080246913580247,0.0058243686455717,CAPAO BONITO DO SUL,4304622,430462,Capão Bonito do Sul,Lagoa Vermelha,Passo Fundo,Vacaria,Nordeste Rio-grandense,1733,23.72,128719.49,0.637,0.507,0.779,0.654,468.49,0.52,3.238798562713917,5.109644310374499,Até 10 mil,Q1: menor,Q4: maior,Q1: menor,-0.4034924425653103,0.002012072434607646,0.19783417689418636,0.96579476861167,-0.05376901002649637,0.3058350100603622,-0.07094095231097919,0.24346076458752516,False,False,False,True,False,False,False,False,False,True,True,False,False,1,False,forte contratendência da AUC
85634,CACIQUE DOBLE,19.0,22.0,14.0,0.0,0.2124710227727493,0.4870208291443624,0.115415385575301,0.0962599707530382,0.153827414215746,0.4722222222222222,0.6153846153846154,0.6777777777777778,0.9917382203133824,0.9940708090390254,0.985417318056695,0.4870208291443624,0.038412028640445,0.2055555555555556,-0.0063209022566874,CACIQUE DOBLE,4303202,430320,Cacique Doble,Lagoa Vermelha,Passo Fundo,Sananduva,Noroeste Rio-grandense,4603,37.19,33461.31,0.662,0.528,0.81,0.677,539.67,0.51,3.663040974893974,4.524542939454664,Até 10 mil,Q1: menor,Q1: menor,Q1: menor,-0.19330821494189865,0.06237424547283702,0.02035789131914345,0.5372233400402414,0.17258451647947848,0.9416498993963782,-0.07586932024732715,0.22535211267605634,False,False,False,False,False,True,False,False,False,True,True,False,False,1,False,forte contratendência da AUC
86410,ERVAL GRANDE,15.0,34.0,32.0,0.0,0.3315821710097152,0.6442344953948952,0.2637662752506982,0.2771599808587754,0.3020439046909802,0.4074074074074074,0.5688888888888889,0.5917874396135265,0.9476913344507064,0.964533429643539,0.9517158328934392,0.6442344953948952,0.038277629440282,0.1843800322061191,0.0040244984427325,ERVAL GRANDE,4307203,430720,Erval Grande,Erechim,Passo Fundo,Erechim,Noroeste Rio-grandense,4930,64.81,32793.44,0.681,0.501,0.885,0.713,677.58,0.5,3.69284691927723,4.5157869761282505,Até 10 mil,Q1: menor,Q1: menor,Q3,-0.23023754372406685,0.04426559356136821,-0.0928619502509872,0.20321931589537223,-0.04018520158336414,0.36217303822937624,-0.04050966995831051,0.3682092555331992,False,False,False,False,False,False,False,False,False,True,True,False,False,1,False,forte contratendência da AUC
87645,SANTO ANTÔNIO DO PALMA,27.0,23.0,35.0,0.0,0.2384648618029686,0.8515035428308082,0.1566939550517039,0.2677829087719887,0.1572267987787317,0.4691358024691358,0.4523809523809524,0.6517094017094016,0.9884135757588456,0.9613710278522518,0.9873407253912913,0.8515035428308082,0.0005328437270277,0.1825735992402658,-0.0010728503675542,SANTO ANTONIO DO PALMA,4317558,431755,Santo Antônio do Palma,Marau,Passo Fundo,Passo Fundo,Noroeste Rio-grandense,2091,41.65,53766.03,0.764,0.665,0.853,0.787,1069.61,0.49,3.3203540328176717,4.730507970032153,Até 10 mil,Q4: maior,Q3,Q1: menor,-0.23719315985647516,0.03420523138832998,-0.14967099152774715,0.10663983903420524,0.006254278058904217,0.5130784708249497,-0.1975164983373362,0.014084507042253521,False,False,False,False,False,False,False,False,False,True,True,False,False,1,False,forte contratendência da AUC
87840,SÃO VALENTIM DO SUL,27.0,20.0,28.0,0.0144220285525398,0.0,0.8845305419142288,0.1362737406709593,0.0344017264806966,0.1757454825927409,0.6111111111111112,0.5252525252525253,0.7836257309941521,0.990181526218734,0.998730099280402,0.9837680110051892,0.8701085133616889,0.0394717419217816,0.1725146198830409,-0.0064135152135448,SAO VALENTIM DO SUL,4319711,431971,São Valentim do Sul,Bento Gonçalves,Caxias do Sul,Guaporé,Nordeste Rio-grandense,2207,43.82,38448.9,0.764,0.677,0.848,0.776,1000.93,0.45,3.343802333161655,4.584883919410175,Até 10 mil,Q4: maior,Q2,Q2,-0.09521785121449977,0.1720321931589537,-0.05455982756298061,0.2857142857142857,0.17186102992920838,0.937625754527163,-0.148609272167356,0.05030181086519115,False,False,False,False,False,True,False,False,False,True,True,False,False,1,False,forte contratendência da AUC
84735,ÁUREA,27.0,38.0,39.0,0.0190712881009746,0.4007784350372839,0.6383218601747868,0.1413854236829308,0.2193800509288785,0.3303207779090864,0.5617283950617283,0.4559386973180077,0.7240740740740741,0.9882534610370588,0.9780214266314582,0.9459169090282892,0.6192505720738122,0.1889353542261556,0.1623456790123457,-0.0423365520087695,AUREA,4301552,430155,Áurea,Erechim,Passo Fundo,Erechim,Noroeste Rio-grandense,3396,52.15,52342.65,0.707,0.588,0.841,0.715,686.1,0.42,3.530967681571915,4.718855706290931,Até 10 mil,Q2,Q3,Q2,-0.1446005672638826,0.1006036217303823,-0.22207890377308642,0.04024144869215292,0.06242853793029279,0.7062374245472837,-0.03911238944322254,0.37424547283702214,False,False,False,False,False,False,False,False,False,True,True,False,False,1,False,forte contratendência da AUC
89281,LAGOA BONITA DO SUL,26.0,38.0,15.0,0.0,0.1453104694207064,0.6105169365855605,0.2581330419394232,0.3633131903321887,0.1925282474273146,0.7124183006535948,0.685823754789272,0.8703703703703703,0.9666170692198838,0.9412096138296542,0.9737255614848888,0.6105169365855605,-0.0656047945121085,0.1579520697167755,0.0071084922650049,LAGOA BONITA DO SUL,4311239,431123,Lagoa Bonita do Sul,Sobradinho,Santa Cruz do Sul - Lajeado,Santa Cruz do Sul,Centro Oriental Rio-grandense,2251,20.57,37416.33,0.67,0.539,0.801,0.696,608.88,0.43,3.35237549500052,4.573061187255029,Até 10 mil,Q1: menor,Q2,Q1: menor,0.010426641651410162,0.5010060362173038,0.007806153698177942,0.5070422535211268,0.35448784631265007,1.0,-0.04656867482199656,0.3380281690140845,False,False,False,False,True,True,False,False,False,True,True,False,False,1,False,forte contratendência da AUC
87815,PANAMBI,74.0,146.0,104.0,0.0815601259442766,0.3648005597869145,0.8248326120019261,0.3814955265204052,0.5421748103148982,0.5001668298520319,0.6834804539722572,0.8510699826489301,0.8368554522400676,0.9440501102370948,0.8976676885272006,0.9059159495612552,0.7432724860576495,0.1186713033316266,0.1533749982678104,-0.0381341606758394,PANAMBI,4313904,431390,Panambi,Ijuí,Ijuí,Ijuí,Noroeste Rio-grandense,43515,92.62,92180.09,0.761,0.691,0.848,0.752,864.44,0.44,4.638638987858346,4.96463712781198,20–50 mil,Q4: maior,Q4: maior,Q4: maior,-0.13367761508579978,0.11468812877263582,0.004611821361440227,0.4949698189134809,0.03380431973461251,0.6016096579476862,-0.0002319883685448776,0.5211267605633803,False,False,False,False,False,False,False,False,False,True,True,False,False,1,False,forte contratendência da AUC
89656,VICENTE DUTRA,33.0,37.0,26.0,0.0440410027395533,0.2142728533637247,0.67098082382249,0.2522072432184206,0.1839104785712173,0.2467701755402351,0.6388888888888888,0.626984126984127,0.7908496732026143,0.9662431731923342,0.9846315568358494,0.9671367934771928,0.6269398210829367,-0.0054370676781854,0.1519607843137255,0.0008936202848586,VICENTE DUTRA,4323101,432310,Vicente Dutra,Frederico Westphalen,Passo Fundo,Frederico Westphalen,Noroeste Rio-grandense,4665,51.45,31696.42,0.638,0.489,0.809,0.656,475.13,0.5,3.668851648082519,4.501010212941882,Até 10 mil,Q1: menor,Q1: menor,Q2,-0.09029869588560469,0.1851106639839034,-0.047163610769497155,0.3199195171026157,0.19035643771661293,0.9557344064386318,-0.06747010502015113,0.25553319919517103,False,False,False,False,False,True,False,False,False,True,True,False,False,1,False,forte contratendência da AUC
88072,PUTINGA,15.0,29.0,24.0,0.0064975843035221,0.0562512137211375,0.6235652069592588,0.3168030574002449,0.250825670742673,0.3310365630622112,0.5370370370370371,0.5555555555555556,0.674074074074074,0.939757809005453,0.9666743345580646,0.9374441273380768,0.6170676226557366,0.0142335056619662,0.1370370370370369,-0.0023136816673761,PUTINGA,4315206,431520,Putinga,Encantado,Santa Cruz do Sul - Lajeado,Guaporé,Nordeste Rio-grandense,3747,45.5,41034.89,0.715,0.563,0.873,0.745,826.94,0.42,3.573683693093798,4.613153273571205,Até 10 mil,Q2,Q2,Q2,-0.10060791409443715,0.16498993963782696,-0.08236445600303544,0.22132796780684105,0.08579640663888843,0.7736418511066399,0.027729234893850263,0.6277665995975855,False,False,False,False,False,False,False,False,False,True,True,False,False,1,False,forte contratendência da AUC
87017,IBIRUBÁ,44.0,86.0,72.0,0.0708194673751282,0.3280993808931676,0.7703029270599847,0.305852854395974,0.4893707698614029,0.3994385325212917,0.650137741046832,0.8684848484848485,0.7868852459016393,0.9569180674395082,0.909063958062842,0.9359443906377292,0.6994834596848565,0.0935856781253177,0.1367475048548073,-0.020973676801779,IBIRUBA,4310009,431000,Ibirubá,Cruz Alta,Passo Fundo,Cruz Alta,Noroeste Rio-grandense,21583,83.28,79138.28,0.765,0.671,0.848,0.786,1062.3,0.49,4.334111810731147,4.898386607028994,20–50 mil,Q4: maior,Q4: maior,Q4: maior,-0.11116836824526133,0.1488933601609658,0.08175784696133681,0.7585513078470825,0.035635429169248334,0.6096579476861167,-0.052391679716874584,0.30784708249496984,False,False,False,False,False,False,False,False,False,True,True,False,False,1,False,forte contratendência da AUC
89397,TRÊS DE MAIO,53.0,70.0,74.0,0.0921956516285396,0.3092912661747271,0.455474033645003,0.3020748536768221,0.3188333272687038,0.3311251228422656,0.6212121212121211,0.8906009244992295,0.7474747474747475,0.9597629810151642,0.9605328299869688,0.9592047687131936,0.3632783820164634,0.0290502691654435,0.1262626262626264,-0.0005582123019705,TRES DE MAIO,4321808,432180,Três de Maio,Três de Maio,Ijuí,Santa Rosa,Noroeste Rio-grandense,24916,84.1,61208.96,0.759,0.694,0.834,0.756,881.15,0.5,4.396478322202103,4.7868150004745464,20–50 mil,Q4: maior,Q3,Q4: maior,-0.16042578257379636,0.08651911468812877,0.12942594984426137,0.8832997987927566,-0.0076875377797058775,0.45271629778672035,-0.12434809224846788,0.09456740442655935,False,False,True,False,False,False,False,False,False,True,True,False,False,1,False,forte contratendência da AUC
85332,BARÃO DE COTEGIPE,40.0,40.0,32.0,0.0192219604763774,0.3755833636008525,0.8419246722185273,0.3461877024440518,0.5840098409413315,0.3537608899839093,0.4659498207885304,0.6093189964157706,0.5917874396135266,0.9477577752651298,0.8264631729759105,0.93884068659629,0.8227027117421498,0.0075731875398574,0.1258376188249962,-0.0089170886688397,BARAO DE COTEGIPE,4301701,430170,Barão de Cotegipe,Erechim,Passo Fundo,Erechim,Noroeste Rio-grandense,7144,73.67,45460.37,0.719,0.593,0.842,0.745,823.2,0.42,3.85394144588049,4.6576329661074825,Até 10 mil,Q3,Q2,Q3,-0.28480510601625053,0.02012072434607646,-0.076087328013829,0.23742454728370221,-0.04018520158336403,0.3641851106639839,0.011207315334618606,0.5633802816901409,False,False,False,False,False,False,False,False,False,True,True,False,False,1,False,forte contratendência da AUC
89737,CAPÃO DO LEÃO,105.0,99.0,105.0,0.0429608842237715,0.1469106806858564,0.5547131059829205,0.5629649685428719,0.4674780813907029,0.4420947641748902,0.7224371373307544,0.8130165289256198,0.8471953578336557,0.8744990295094675,0.9187788150745264,0.9268013460974528,0.5117522217591488,-0.1208702043679816,0.1247582205029013,0.0523023165879852,CAPAO DO LEAO,4304663,430466,Capão do Leão,Pelotas,Pelotas,Pelotas,Sudeste Rio-grandense,26487,94.12,32243.04,0.637,0.48,0.814,0.662,493.36,0.43,4.423032771538936,4.508435982046937,20–50 mil,Q1: menor,Q1: menor,Q4: maior,-0.13057954457022947,0.12474849094567404,0.009556900267654211,0.5130784708249497,0.042817038059301926,0.6338028169014085,-0.0595582538385942,0.27364185110663986,False,False,False,False,False,False,False,False,False,True,True,False,False,1,False,forte contratendência da AUC
87335,LIBERATO SALZANO,18.0,34.0,36.0,0.041722868182232,0.1752539201095562,0.4721816435427193,0.1833907352696198,0.2552768494079767,0.1150905094663046,0.617283950617284,0.6222222222222222,0.7407407407407406,0.9804445852473056,0.9688799217706856,0.9864814520646004,0.4304587753604872,-0.0683002258033151,0.1234567901234565,0.0060368668172947,LIBERATO SALZANO,4311601,431160,Liberato Salzano,Frederico Westphalen,Passo Fundo,Frederico Westphalen,Noroeste Rio-grandense,4781,34.05,31911.94,0.685,0.583,0.81,0.68,551.91,0.43,3.6795187436957892,4.503953206753356,Até 10 mil,Q1: menor,Q1: menor,Q1: menor,-0.041895021311839975,0.2977867203219316,-0.03952861691765386,0.3501006036217304,0.09106104720133301,0.7927565392354124,-0.2434803087510768,0.002012072434607646,False,False,False,False,False,False,False,False,False,True,True,False,False,1,False,forte contratendência da AUC
88609,UBIRETAMA,31.0,30.0,29.0,0.0144443519946748,0.3146207605864153,0.4656753932198996,0.1498025197219104,0.6800374066790071,0.2819887767918296,0.3964646464646464,0.455026455026455,0.5166666666666666,0.9888923560726174,0.7219433282493969,0.9570616380082144,0.4512310412252247,0.1321862570699192,0.1202020202020202,-0.031830718064403,UBIRETAMA,4322343,432234,Ubiretama,Cerro Largo,Ijuí,Santo Ângelo,Noroeste Rio-grandense,1994,26.83,36873.63,0.7,0.613,0.809,0.691,590.64,0.36,3.2997251539756367,4.56671589354234,Até 10 mil,Q2,Q1: menor,Q1: menor,-0.32563911217496566,0.012072434607645875,-0.18802749656016626,0.060362173038229376,-0.10042160058009386,0.18712273641851107,-0.04715207074681588,0.33601609657947684,False,False,False,False,False,False,False,False,False,True,True,False,False,1,False,forte contratendência da AUC
85944,CERRO GRANDE DO SUL,53.0,66.0,93.0,0.0942160931656039,0.4521299008539186,0.5166542211649434,0.2983965760251634,0.5082257343599952,0.4187455258562942,0.7095959595959596,0.6364522417153996,0.8293650793650793,0.959688865521098,0.8937825458419291,0.9319200903121578,0.4224381279993395,0.1203489498311307,0.1197691197691197,-0.02776877520894,CERRO GRANDE DO SUL,4305173,430517,Cerro Grande do Sul,Camaquã,Porto Alegre,Camaquã,Metropolitana de Porto Alegre,9178,30.62,27361.09,0.66,0.499,0.855,0.673,527.88,0.5,3.9627480533586406,4.437133394640036,Até 10 mil,Q1: menor,Q1: menor,Q1: menor,-0.07204194418995791,0.21327967806841047,-0.11718523237146317,0.16498993963782696,0.041897775288869066,0.6297786720321932,-0.06696413494021575,0.2575452716297787,False,False,False,False,False,False,False,False,False,True,True,False,False,1,False,forte contratendência da AUC
86924,LINHA NOVA,22.0,20.0,19.0,0.0032744380521186,0.1788801210024641,0.7379270673739056,0.1943768610575647,0.2632443835368672,0.3038685725747081,0.4871794871794871,0.712121212121212,0.6055555555555555,0.9783062352956138,0.957879629060284,0.9410090365915376,0.7346526293217869,0.1094917115171434,0.1183760683760683,-0.0372971987040763,LINHA NOVA,4311643,431164,Linha Nova,Novo Hamburgo - São Leopoldo,Porto Alegre,Montenegro,Metropolitana de Porto Alegre,1683,26.08,45249.14,0.749,0.662,0.846,0.751,857.79,0.36,3.226084115975824,4.655610329468212,Até 10 mil,Q4: maior,Q2,Q1: menor,-0.19548001341853483,0.05734406438631791,0.13230885930570613,0.8893360160965795,0.05314311066952282,0.6720321931589537,0.032493383731609204,0.6659959758551308,False,False,False,False,False,False,False,False,False,True,True,False,False,1,False,forte contratendência da AUC
84875,QUINZE DE NOVEMBRO,33.0,33.0,32.0,0.0,0.1663687827519711,0.7499869287992409,0.2035439030159227,0.2265294976528105,0.2984347183520515,0.6851851851851851,0.3472222222222222,0.8019323671497586,0.9795605316732252,0.9771091896950828,0.9493983728161308,0.7499869287992409,0.0948908153361287,0.1167471819645734,-0.0301621588570945,QUINZE DE NOVEMBRO,4315354,431535,Quinze de Novembro,Cruz Alta,Passo Fundo,Cruz Alta,Noroeste Rio-grandense,3910,61.2,44217.6,0.756,0.655,0.841,0.783,1046.11,0.47,3.5921767573958667,4.645595166667781,Até 10 mil,Q4: maior,Q2,Q2,-0.044002399589308405,0.289738430583501,-0.3101064038433424,0.008048289738430584,0.1699597259528679,0.9336016096579477,-0.04411885629723922,0.3561368209255533,False,False,False,False,False,True,False,False,False,True,True,False,False,1,False,forte contratendência da AUC
88439,SANTANA DA BOA VISTA,29.0,62.0,47.0,0.007431886897377,0.0397465231728854,0.6406631974357023,0.457535103024814,0.3516499914331283,0.3936928980359404,0.7277777777777777,0.819706498951782,0.8421052631578947,0.8919844132086306,0.9419343457857466,0.9290594434652532,0.6332313105383253,-0.0638422049888736,0.1143274853801169,0.0370750302566226,SANTANA DA BOA VISTA,4317004,431700,Santana da Boa Vista,São Gabriel - Caçapava do Sul,Santa Maria,Serras de Sudeste,Sudeste Rio-grandense,7024,56.55,33831.05,0.633,0.503,0.802,0.63,404.01,0.52,3.8465845028980463,4.529315477011434,Até 10 mil,Q1: menor,Q1: menor,Q2,0.013268767099866241,0.5130784708249497,0.07419052137865445,0.7283702213279678,0.1527930457594281,0.8993963782696177,-0.000978117811722301,0.5171026156941649,False,False,False,False,False,False,False,False,False,True,True,False,False,1,False,forte contratendência da AUC
86991,IBIRAIARAS,34.0,36.0,40.0,0.0159878288286617,0.060156040013823,0.4291208191226738,0.2600472281886146,0.269854337461773,0.2721047853038065,0.6644444444444444,0.6460905349794239,0.7741935483870968,0.9666004733101186,0.9665478829447788,0.96683790391892,0.413132990294012,0.0120575571151919,0.1097491039426523,0.0002374306088014,IBIRAIARAS,4309902,430990,Ibiraiaras,Lagoa Vermelha,Passo Fundo,Passo Fundo,Noroeste Rio-grandense,6776,56.52,56109.7,0.724,0.615,0.835,0.739,795.0,0.44,3.8309733973226505,4.7490379466807715,Até 10 mil,Q3,Q3,Q2,-0.06811302285316778,0.22334004024144868,-0.024061263503924457,0.3983903420523139,0.1087750121871145,0.8289738430583501,-0.10075998338928283,0.13883299798792756,False,False,False,False,False,False,False,False,False,True,True,False,False,1,False,forte contratendência da AUC
88030,PORTO LUCENA,25.0,24.0,24.0,0.0400945829287535,0.2783355781312027,0.5766033664817914,0.2146479855899408,0.2004829357337945,0.1782530670391833,0.6388888888888888,0.662962962962963,0.7481481481481481,0.9738269798994408,0.9795144932326456,0.9822999446921552,0.5365087835530379,-0.0363949185507574,0.1092592592592592,0.0084729647927144,PORTO LUCENA,4315008,431500,Porto Lucena,Santa Rosa,Ijuí,Santa Rosa,Noroeste Rio-grandense,4360,49.2,29580.7,0.693,0.575,0.827,0.7,621.82,0.44,3.639486489268586,4.471008446961086,Até 10 mil,Q2,Q1: menor,Q2,-0.05858320083844548,0.2515090543259557,0.05422806662915136,0.6458752515090543,0.1598704807129625,0.9094567404426559,-0.1250542611291776,0.0925553319919517,False,False,False,False,False,True,False,False,False,True,True,False,False,1,False,forte contratendência da AUC
86207,SANTA MARIA DO HERVAL,34.0,34.0,45.0,0.0099707748786504,0.1585746100621398,0.5280262324450246,0.2321086750139551,0.3084948624582704,0.4106724124363505,0.6533333333333333,0.5222222222222221,0.7561728395061729,0.9738390447424922,0.9551216696231928,0.92120392615401,0.5180554575663741,0.1785637374223954,0.1028395061728395,-0.0526351185884821,SANTA MARIA DO HERVAL,4316956,431695,Santa Maria do Herval,Novo Hamburgo - São Leopoldo,Porto Alegre,Gramado-Canela,Metropolitana de Porto Alegre,6340,47.24,42823.51,0.676,0.51,0.846,0.716,689.47,0.3,3.802089257881733,4.631682261070462,Até 10 mil,Q1: menor,Q2,Q2,-0.07922413396427885,0.2012072434607646,-0.13952861691765395,0.12877263581488935,0.07327919802833271,0.7404426559356136,0.021872034215334846,0.607645875251509,False,False,False,False,False,False,False,False,False,True,True,False,False,1,False,forte contratendência da AUC
88595,SANTO AUGUSTO,30.0,50.0,45.0,0.0571760104401939,0.1761583186828815,0.6026091797886939,0.3565635253939714,0.4159055693906928,0.4514779663970782,0.7566137566137566,0.7425474254742548,0.8580246913580247,0.9355886208721236,0.9249782122554828,0.8905806792295231,0.5454331693485,0.0949144410031068,0.1014109347442681,-0.0450079416426004,SANTO AUGUSTO,4317806,431780,Santo Augusto,Ijuí,Ijuí,Ijuí,Noroeste Rio-grandense,13902,86.55,52398.97,0.739,0.637,0.84,0.753,866.86,0.57,4.14307728417362,4.719322750195314,10–20 mil,Q3,Q3,Q4: maior,0.038239206538451365,0.6156941649899397,0.025849194089456295,0.5513078470824949,0.17513104988018457,0.9456740442655935,0.06267758817606256,0.7746478873239436,False,False,False,False,False,True,False,False,False,True,True,False,False,1,False,forte contratendência da AUC
