ano,receita_2024,probabilidade_media_municipal,probabilidade_mediana_municipal
2016,0.0,0.036657089086135,0.02245079905257206
2016,50.0,0.03987200229634808,0.02460807449855767
2016,52.31417066040228,0.04002299655218253,0.02471004164057539
2016,54.735449037713906,0.040181183380241965,0.024816927727353912
2016,57.26879244265435,0.04034691441946948,0.024928979130803774
2016,59.91938762720353,0.04052055927523494,0.025046455369178138
2016,62.69266140392646,0.04070250649910563,0.02516962987651681
2016,65.59429175679648,0.040893164626301826,0.02529879082234461
2016,68.6302194662654,0.041092963274435755,0.025434241985248025
2016,71.80666027238144,0.04130235430735402,0.025576303684231208
2016,75.13011760085783,0.04152181306813553,0.025725313772051905
2016,78.6073958781474,0.0417518396855399,0.025881628695058882
2016,82.24561446278413,0.041992960458454444,0.026045624624398963
2016,86.0522222215148,0.04224572932315251,0.026217698663833805
2016,90.03501278006375,0.042510729408448314,0.026398270139805904
2016,94.20214047975512,0.04278857468411731,0.02658778197982354
2016,98.562137072662,0.043079911708240874,0.026786702185694247
2016,103.12392918946406,0.04338542147943168,0.026995525408630903
2016,107.89685661577728,0.043705821400198554,0.027214774633783346
2016,112.89069141437457,0.04404186735801459,0.027445002982314663
2016,118.11565793244806,0.04439435593095765,0.02768679563974632
2016,123.58245373487574,0.04476412672509478,0.02794077191994211
2016,129.3022715063512,0.04515206485107749,0.028207587474789464
2016,135.28682196721857,0.045559103547698744,0.028487936660368647
2016,141.54835784993065,0.04598622696042952,0.028782555071179314
2016,148.09969898521933,0.04643447308319607,0.029092222254818185
2016,154.95425854933944,0.04690493687187116,0.02941776462037418
2016,162.12607052612486,0.04739877353812447,0.029760058554728384
2016,169.62981844008212,0.0479172020323995,0.03012003376191434
2016,177.4808654193504,0.04846150872484234,0.03049867684170961
2016,185.69528565007556,0.049033051292991486,0.030897035124690823
2016,194.28989728660432,0.04963326282492862,0.031316220782088185
2016,203.28229688486877,0.05026365614637013,0.031757415229916736
2016,212.690895429472,0.05092582837983116,0.03222187384803841
2016,222.5349560282233,0.05162146574348882,0.03271093103600867
2016,232.83463335131208,0.0523523485966902,0.033226005628779844
2016,243.61101489585445,0.0531203567381575,0.0337686066965532
2016,254.88616416031093,0.05392747496181152,0.0343403397542827
2016,266.6831658171561,0.05477579887372266,0.034942913407510906
2016,279.0261729763016,0.05566754097197368,0.03557814646234399
2016,291.94045663602316,0.056605036989128235,0.03624797552841441
2016,305.4524574226541,0.05759075249450661,0.03695446314460738
2016,319.58983972495946,0.05862728975051093,0.03769980645809299
2016,334.38154833404286,0.05971739481377735,0.038486346487769774
2016,349.8578677047335,0.060863964867886665,0.039316578003517975
2016,366.05048395979753,0.062070055769691455,0.04019316005262343
2016,382.9925497639139,0.06333888978594318,0.04111892716427662
2016,400.7187522002402,0.06467386349076665,0.042096901262085915
2016,419.26538378853644,0.06607855578756727,0.043130304312956336
2016,438.6704167902512,0.06755673601110165,0.044222571738346844
2016,458.9735809527,0.06911237205664016,0.04537736661068361
2016,480.2164448515103,0.07074963847334338,0.04659859465340025
2016,502.44250099787143,0.07247292444812098,0.047890420057505365
2016,525.6972548848399,0.0742868415943118,0.04925728212051998
2016,550.0283181550103,0.07619623144650198,0.05070391270482896
2016,575.4855060803051,0.07820617254869484,0.052235354501668586
2016,602.1209395534612,0.08032198700789842,0.05385698007380815
2016,629.9891518000308,0.08254924636907518,0.055574511634123774
2016,659.1472000293779,0.08489377665041666,0.05739404149831706
2016,689.654782253264,0.08736166236022368,0.0593220531275757
2016,721.5743595111967,0.08995924929850768,0.0613654426505447
2016,754.9712837527843,0.09269314592806137,0.06353154072308982
2016,789.9139316389233,0.09557022308152546,0.06582813454846982
2016,826.4738445357596,0.09859761175333209,0.06826348983916408
2016,864.7258749880502,0.10178269870884285,0.07084637245419675
2016,904.7483399718111,0.10513311962811085,0.07358606939184412
2016,946.6231812400199,0.10865674948916143,0.07649240875663821
2016,990.4361330896666,0.11236168988626452,0.07957577825119644
2016,1036.2768978936347,0.11625625297319188,0.08284714166732912
2016,1084.2393297567976,0.12034894172081362,0.08631805276701134
2016,1134.421626672346,0.12464842618352606,0.09000066585226293
2016,1186.9265315717657,0.12916351548087335,0.09390774222421282
2016,1241.8615426800943,0.13390312522027903,0.09805265162646176
2016,1299.3391336071384,0.13887624011493693,0.10244936765764953
2016,1359.4769836252617,0.14409187158843417,0.10711245602485335
2016,1422.3982186052174,0.14955901020526913,0.11205705439581806
2016,1488.231663103311,0.15528657282456212,0.1172988424976759
2016,1557.1121041160186,0.1612833444431908,0.12285400100741334
2016,1629.1805670420697,0.16755791477426593,0.12873915769072225
2016,1704.5846044169962,0.1741186096969146,0.13497131917816033
2016,1783.4785980113013,0.18097341781300208,0.141567786729232
2016,1866.0240749107645,0.18812991245453425,0.14854605433598728
2016,1952.3900382260208,0.19559516960045392,0.1559236875692421
2016,2042.7533131085058,0.20337568228138106,0.1637181816849592
2016,2137.2989087812134,0.21147727217314793,0.1719467976989342
2016,2236.2203973254373,0.21990499920199252,0.1806263754183129
2016,2339.7203099991134,0.2286630701029822,0.1897731228018797
2016,2448.0105518980567,0.23775474698535748,0.19940238151940018
2016,2561.3128358092135,0.2471822570607291,0.20952836920303602
2016,2679.85913614404,0.25694670477900783,0.2201638996363313
2016,2803.892163881554,0.26704798768945914,0.2313200830083547
2016,2933.6658634932824,0.27748471739726893,0.24300600936448505
2016,3069.4459328676835,0.28825414701692986,0.2552284194941817
2016,3211.510367298351,0.2993521065302762,0.26799136868183265
2016,3360.1500286499468,0.3107729474374688,0.28129588996936433
2016,3515.6692408669755,0.32250949804233653,0.2951396647855253
2016,3678.386413044842,0.3345530306386592,0.3095167099211238
2016,3848.634691338654,0.34689324176093933,0.3244170907951375
2016,4026.7626410447047,0.359518246532485,0.3398266716789804
2016,4213.134960250894,0.3724145879858976,0.3557269139369729
2016,4408.133226517454,0.3855672620478064,0.37209473331503823
2016,4612.156678116473,0.3989597586725666,0.3889024267917126
2016,4825.62303142999,0.41257411938104016,0.40611767843968555
2016,5048.969336179922,0.42639101121319917,0.4237036521034263
2016,5282.65287024109,0.4403898168406276,0.44161917648562626
2016,5527.152075869127,0.4545487403109592,0.4598190254996553
2016,5782.967539260286,0.4688449276157136,0.47825429357875787
2016,6050.623015448586,0.4832546009911796,0.49687286216972276
2016,6330.666500638704,0.49775320558510544,0.5156199500513429
2016,6623.671354170098,0.5123155668566153,0.534438736605268
2016,6930.237472409449,0.5269160568300818,0.5532710439411161
2016,7250.9925169748585,0.5415287671029946,0.5720580610471089
2016,7586.593199806453,0.5561276863204829,0.5907410910878363
2016,7937.726627714446,0.5706868796821549,0.6092623017482178
2016,8305.111709157462,0.5851806679468289,0.627565458219423
2016,8689.500626131376,0.5995838033532723,0.6455966190670615
2016,9091.680374182186,0.6138716398848788,0.6633047767761951
2016,9512.47437369594,0.6280202953766378,0.6806424271298704
2016,9952.744155764656,0.6420068030955322,0.6975660545922496
2016,10413.391126079874,0.6558092506205337,0.7140365243388107
2016,10895.358410465238,0.6694069041034625,0.7300193752877083
2016,11399.632785826545,0.6827803163025951,0.7454850122185909
2016,11927.24670047293,0.6959114171399609,0.7604087986132572
2016,12479.280387945231,0.7087835859310679,0.7747710550415323
2016,13056.864078679575,0.7213817048601501,0.7885569706110972
2016,13661.180314034378,0.7336921937104504,0.8017564371131803
2016,14293.466367418436,0.7457030262914179,0.8143638169856119
2016,14955.016777476985,0.7574037294159801,0.8263776570829985
2016,15647.185998522225,0.7687853656543542,0.8378003605302649
2016,16371.39117363496,0.7798405014105227,0.8486378287084966
2016,17129.115036114843,0.7905631621203508,0.8588990847681651
2016,17921.908945219515,0.8009487765466574,0.8685958890813509
2016,18751.3960624081,0.8109941122410463,0.8777423558300409
2016,19619.274674592238,0.8206972042544104,0.8863545785752861
2016,20527.321671198515,0.8300572791120786,0.8944502712450689
2016,21477.396182161094,0.8390746759344693,0.9020484295871256
2016,22471.443384292983,0.847750766392354,0.909169016811834
2016,23511.498483829397,0.8560878749525824,0.9158326759399733
2016,24599.69088329679,0.864089200611767,0.9220604702972398
2016,25738.248541238638,0.8717587410483458,0.9278736526761524
2016,26929.502533724193,0.8791012198625916,0.9332934629205811
2016,28175.891826979638,0.8861220173322071,0.9383409530747868
2016,29479.968270912905,0.8928271048977173,0.9430368387679046
2016,30844.401823755677,0.8992229834132163,0.9474013751627037
2016,32271.986018519594,0.9053166250570892,0.9514542555683533
2016,33765.64368245898,0.9111154186941451,0.9552145306840871
2016,35328.432921249834,0.9166271184128147,0.9587005463874331
2016,36963.5533801368,0.9218597949247773,0.9619298979912786
2016,38674.35279486737,0.9268217895046927,0.9649193989540713
2016,40464.33384582592,0.9315216701594767,0.967685062124093
2016,42337.161329400544,0.9359681897448082,0.9702420917210095
2016,44296.66966126493,0.9401702457868013,0.9726048843965382
2016,46346.87072693761,0.9441368418151577,0.9747870378635297
2016,48491.962095692295,0.9478770500673226,0.9768013657330445
2016,50736.33561463606,0.9513999754784406,0.9786599173474585
2016,53084.586400550405,0.9547147209268029,0.9803740015408382
2016,55541.52224790535,0.9578303537568127,0.9819542133933292
2016,58112.173472308954,0.9607558736492495,0.9834104631724989
2016,60801.803209545404,0.9635001819499187,0.9847520067705174
2016,63615.91819128714,0.9660720526009602,0.9859874770513233
2016,66560.2800195437,0.9684801048427834,0.9871249156164962
2020,0.0,0.06753663076819728,0.0532372003944597
2020,50.0,0.0722635145914999,0.05728972310769691
2020,52.31417066040228,0.07248345717231396,0.05747925620347437
2020,54.735449037713906,0.0727136844240636,0.05767774393177983
2020,57.26879244265435,0.07295468151963774,0.05788561743786388
2020,59.91938762720353,0.07320695684531517,0.05810332932009162
2020,62.69266140392646,0.07347104313161344,0.058331354753000844
2020,65.59429175679648,0.07374749863972033,0.05857019267300898
2020,68.6302194662654,0.07403690840610502,0.058820367030448475
2020,71.80666027238144,0.07433988554799231,0.05908242811182291
2020,75.13011760085783,0.07465707263246601,0.05935695393639943
2020,78.6073958781474,0.07498914311204391,0.05964455173148345
2020,82.24561446278413,0.07533680282963745,0.059945859490964246
2020,86.0522222215148,0.07570079159587086,0.060261547621969204
2020,90.03501278006375,0.0760818848417847,0.06059232068472285
2020,94.20214047975512,0.07648089534998671,0.06093891923097339
2020,98.562137072662,0.07689867506733286,0.06130212174662087
2020,103.12392918946406,0.07733611700222406,0.061682746704459834
2020,107.89685661577728,0.07779415720958098,0.06208165473322859
2020,112.89069141437457,0.07827377686651105,0.0624997509094423
2020,118.11565793244806,0.07877600444159905,0.06293798717876524
2020,123.58245373487574,0.07930191796063465,0.06339736491395798
2020,129.3022715063512,0.07985264737142711,0.06387893761670231
2020,135.28682196721857,0.08042937701014373,0.06438381377086508
2020,141.54835784993065,0.08103334817134011,0.06491315985500239
2020,148.09969898521933,0.08166586178351172,0.06546820352212096
2020,154.95425854933944,0.0823282811915871,0.0660502369549015
2020,162.12607052612486,0.08302203504728649,0.06666062040473476
2020,169.62981844008212,0.08374862030767767,0.0673007859230221
2020,177.4808654193504,0.08450960534156325,0.06797224129323143
2020,185.69528565007556,0.08530663314251248,0.06867657417216802
2020,194.28989728660432,0.08614142464639951,0.06941545644880347
2020,203.28229688486877,0.08701578215020533,0.07019064882878226
2020,212.690895429472,0.08793159282757561,0.07100400565238649
2020,222.5349560282233,0.0888908323351765,0.07185747995325105
2020,232.83463335131208,0.08989556850224494,0.07275312876447076
2020,243.61101489585445,0.09094796509386391,0.07369311867789212
2020,254.88616416031093,0.09205028563639599,0.0746797316613128
2020,266.6831658171561,0.09320489729115228,0.07571537113697813
2020,279.0261729763016,0.0944142747597501,0.07680256832313932
2020,291.94045663602316,0.09568100420169263,0.07794398883846734
2020,305.4524574226541,0.09700778714148182,0.0791424395667681
2020,319.58983972495946,0.09839744433902232,0.08040087577665056
2020,334.38154833404286,0.09985291959319337,0.08172240848752126
2020,349.8578677047335,0.10137728344422749,0.08311031206943971
2020,366.05048395979753,0.10297373673595095,0.08456803205991406
2020,382.9925497639139,0.10464561399399787,0.08609919317557141
2020,400.7187522002402,0.10639638657081812,0.08770760749072291
2020,419.26538378853644,0.10822966550266985,0.08939728274808763
2020,438.6704167902512,0.11014920401784245,0.09117243075925166
2020,458.9735809527,0.11215889962912767,0.09303747584373917
2020,480.2164448515103,0.11426279573708853,0.09499706324576863
2020,502.44250099787143,0.11646508266402845,0.09705606745677745
2020,525.6972548848399,0.11877009803181267,0.09921960035953753
2020,550.0283181550103,0.12118232638992699,0.10149301909607024
2020,575.4855060803051,0.12370639799349822,0.10388193354654225
2020,602.1209395534612,0.12634708662457123,0.10639221328981831
2020,629.9891518000308,0.12910930634389972,0.10902999389833525
2020,659.1472000293779,0.1319981070550461,0.11180168240043124
2020,689.654782253264,0.1350186687578981,0.11471396172223322
2020,721.5743595111967,0.1381762943650341,0.11777379389874758
2020,754.9712837527843,0.14147640095195482,0.12098842182002319
2020,789.9139316389233,0.14492450931132708,0.12436536925334656
2020,826.4738445357596,0.14852623168234474,0.12791243885664344
2020,864.7258749880502,0.15228725752942715,0.1316377078719447
2020,904.7483399718111,0.15621333725005498,0.13554952116138502
2020,946.6231812400199,0.16031026369992377,0.13965648122231164
2020,990.4361330896666,0.16458385143509058,0.1439674347934047
2020,1036.2768978936347,0.1690399135857055,0.1484914556411138
2020,1084.2393297567976,0.17368423629453209,0.15323782309623857
2020,1134.421626672346,0.17852255067600206,0.1582159958953316
2020,1186.9265315717657,0.183560502278197,0.16343558087219237
2020,1241.8615426800943,0.188803618061,0.16890629604263763
2020,1299.3391336071384,0.1942572709387262,0.17463792763275973
2020,1359.4769836252617,0.19992664197471682,0.18064028061896414
2020,1422.3982186052174,0.20581668035844233,0.18692312237929978
2020,1488.231663103311,0.2119320613422259,0.19349611910214154
2020,1557.1121041160186,0.21827714236425086,0.2003687646623675
2020,1629.1805670420697,0.2248559176363465,0.20755030175895886
2020,1704.5846044169962,0.23167197152829502,0.21504963521343828
2020,1783.4785980113013,0.23872843113402348,0.22287523745746368
2020,1866.0240749107645,0.2460279184578373,0.23103504639147837
2020,1952.3900382260208,0.25357250270945697,0.239536355975212
2020,2042.7533131085058,0.2613636532435688,0.24838570011485844
2020,2137.2989087812134,0.2694021937213175,0.257588730639693
2020,2236.2203973254373,0.2776882581060424,0.26715009041027643
2020,2339.7203099991134,0.2862212491319895,0.27707328286734595
2020,2448.0105518980567,0.29499979990113856,0.2873605396094616
2020,2561.3128358092135,0.30402173926830606,0.2980126878712994
2020,2679.85913614404,0.31328406166701517,0.30902902005408284
2020,2803.892163881554,0.3227829020073912,0.32040716772440697
2020,2933.6658634932824,0.33251351624180664,0.33214298273527987
2020,3069.4459328676835,0.3424702681440158,0.34423042832024203
2020,3211.510367298351,0.35264662278313824,0.3566614831535566
2020,3360.1500286499468,0.36303514709582774,0.3694260614424843
2020,3515.6692408669755,0.3736275178692781,0.3825119521077079
2020,3678.386413044842,0.38441453734605946,0.3959047800030054
2020,3848.634691338654,0.39538615655104037,0.4095879919154856
2020,4026.7626410447047,0.4065315063233509,0.4235428697670629
2020,4213.134960250894,0.41783893591508536,0.4377485730044916
2020,4408.133226517454,0.4292960588963016,0.4521822116228636
2020,4612.156678116473,0.4408898059858344,0.4668189506251659
2020,4825.62303142999,0.45260648431272343,0.48163214599382453
2020,5048.969336179922,0.46443184250657565,0.496593511460245
2020,5282.65287024109,0.4763511409198705,0.5116733145319682
2020,5527.152075869127,0.4883492262034517,0.526840599404946
2020,5782.967539260286,0.5004106093904327,0.5420634335845075
2020,6050.623015448586,0.5125195465949641,0.5573091742975305
2020,6330.666500638704,0.5246601214018922,0.5725447501340934
2020,6623.671354170098,0.5368163280116741,0.5877369528401992
2020,6930.237472409449,0.5489721542119069,0.6028527338197166
2020,7250.9925169748585,0.5611116632717291,0.617859499712346
2020,7586.593199806453,0.5732190738969353,0.632725401405773
2020,7937.726627714446,0.5852788374401537,0.6474196110159299
2020,8305.111709157462,0.5972757116297981,0.6619125817218727
2020,8689.500626131376,0.6091948301612613,0.6761762858550298
2020,9091.680374182186,0.6210217675814522,0.6901844272926213
2020,9512.47437369594,0.6327425989905439,0.7039126249620092
2020,9952.744155764656,0.6443439541801458,0.7173385650926178
2020,10413.391126079874,0.6558130659225005,0.7304421207189233
2020,10895.358410465238,0.667137812218476,0.7432054378060641
2020,11399.632785826545,0.6783067524011295,0.7556129882053602
2020,11927.24670047293,0.6893091570748229,0.767651590420795
2020,12479.280387945231,0.7001350319460488,0.7793103998549227
2020,13056.864078679575,0.7107751356704548,0.7905808707854477
2020,13661.180314034378,0.721220991900573,0.8014566927900099
2020,14293.466367418436,0.7314648957703627,0.8119337046810898
2020,14955.016777476985,0.741499915096055,0.8220097892359007
2020,15647.185998522225,0.7513198866084058,0.8316847521133518
2020,16371.39117363496,0.7609194075598784,0.8409601883514926
2020,17129.115036114843,0.7702938230722178,0.8498393397472852
2020,17921.908945219515,0.779439209606053,0.858326946251131
2020,18751.3960624081,0.7883523549452812,0.8664290942773205
2020,19619.274674592238,0.7970307350956611,0.8741530645545609
2020,20527.321671198515,0.8054724884997657,0.8815071818333776
2020,21477.396182161094,0.8136763879696309,0.8885006684435885
2020,22471.443384292983,0.8216418107343393,0.8951435033676733
2020,23511.498483829397,0.8293687069925203,0.9014462881751273
2020,24599.69088329679,0.8368575673494033,0.9074201208572921
2020,25738.248541238638,0.8441093895046011,0.9130764783180736
2020,26929.502533724193,0.8511256445401842,0.9184271080179505
2020,28175.891826979638,0.85790824313876,0.9234839290395039
2020,29479.968270912905,0.8644595020382085,0.9282589426437241
2020,30844.401823755677,0.8707821110034665,0.9327641522176257
2020,32271.986018519594,0.8768791005664806,0.9370114923743367
2020,33765.64368245898,0.882753810753403,0.9410127668551649
2020,35328.432921249834,0.8884098609837303,0.9447795947969878
2020,36963.5533801368,0.893851121289924,0.948323364865162
2020,38674.35279486737,0.8990816849688573,0.9516551967092759
2020,40464.33384582592,0.9041058427390166,0.9547859091737575
2020,42337.161329400544,0.9089280584407563,0.9577259946848853
2020,44296.66966126493,0.9135529462820469,0.9604855992376043
2020,46346.87072693761,0.917985249600147,0.9630745074173478
2020,48491.962095692295,0.9222298210814173,0.9655021319116627
2020,50736.33561463606,0.9262916043579653,0.9677775069919452
2020,53084.586400550405,0.9301756168816344,0.969909285475333
2020,55541.52224790535,0.9338869339634668,0.9719057387093841
2020,58112.173472308954,0.9374306738603572,0.9737747591563685
2020,60801.803209545404,0.9408119837900215,0.9755238651888599
2020,63615.91819128714,0.94403602676023,0.9771602077430313
2020,66560.2800195437,0.947107969107805,0.9786905785099997
2024,0.0,0.06778977852533039,0.054421685612400676
2024,50.0,0.071950590890127,0.058067133165055664
2024,52.31417066040228,0.0721434842408744,0.05823691708509041
2024,54.735449037713906,0.07234533223285812,0.05841465675707417
2024,57.26879244265435,0.07255655142221513,0.05860072923694494
2024,59.91938762720353,0.0727775777824426,0.058795529811666324
2024,62.69266140392646,0.07300886760765725,0.05899947290880783
2024,65.59429175679648,0.07325089845694789,0.059212993053338346
2024,68.6302194662654,0.07350417014150644,0.05943654587415031
2024,71.80666027238144,0.0737692057562602,0.05967060916296005
2024,75.13011760085783,0.07404655275776426,0.0599156839883615
2024,78.6073958781474,0.07433678409014151,0.06017229586794773
2024,82.24561446278413,0.07464049936088117,0.06044099600155344
2024,86.0522222215148,0.07495832606832331,0.06072236256881665
2024,90.03501278006375,0.07529092088266352,0.06101700209440229
2024,94.20214047975512,0.07563897098230861,0.06132555088438014
2024,98.562137072662,0.07600319544739954,0.06164867653739789
2024,103.12392918946406,0.07638434671228636,0.061987079534439944
2024,107.89685661577728,0.07678321207869625,0.06234149491111102
2024,112.89069141437457,0.07720061529126794,0.06271269401652868
2024,118.11565793244806,0.07763741817704099,0.0631014863630503
2024,123.58245373487574,0.07809452235037524,0.06350872157119476
2024,129.3022715063512,0.0785728709846362,0.06393529141424262
2024,135.28682196721857,0.07907345065181032,0.06438213196711477
2024,141.54835784993065,0.07959729323100455,0.06485022586422433
2024,148.09969898521933,0.08014547788653761,0.06534060467107766
2024,154.95425854933944,0.08071913311603393,0.0658543513744549
2024,162.12607052612486,0.08131943886858727,0.06639260299602666
2024,169.62981844008212,0.08194762873265816,0.06695655333425747
2024,177.4808654193504,0.08260499219290521,0.06754745583939707
2024,185.69528565007556,0.08329287695461507,0.06816662662626538
2024,194.28989728660432,0.08401269133378701,0.06881544762938517
2024,203.28229688486877,0.08476590671023124,0.06949536990479734
2024,212.690895429472,0.0855540600402563,0.07020791708260217
2024,222.5349560282233,0.08637875642463291,0.07095468897388743
2024,232.83463335131208,0.08724167172652911,0.07173736533522479
2024,243.61101489585445,0.08814455523299893,0.07255770979331942
2024,254.88616416031093,0.08908923235237229,0.07341757393167371
2024,266.6831658171561,0.09007760733851991,0.07431890154025111
2024,279.0261729763016,0.09111166603145754,0.07526373302809006
2024,291.94045663602316,0.09219347860208402,0.07625420999758703
2024,305.4524574226541,0.09332520228703035,0.07729257997773738
2024,319.58983972495946,0.09450908409760204,0.07838120131194565
2024,334.38154833404286,0.09574746348464254,0.07952254819409288
2024,349.8578677047335,0.09704277493880639,0.080719215844323
2024,366.05048395979753,0.09839755050321962,0.08197392581347618
2024,382.9925497639139,0.09981442217281218,0.08328953140220549
2024,400.7187522002402,0.10129612415174127,0.08466902317754141
2024,419.26538378853644,0.10284549493728547,0.08611553456597551
2024,438.6704167902512,0.10446547919539434,0.08763234749799013
2024,458.9735809527,0.1061591293897326,0.08922289807432136
2024,480.2164448515103,0.10792960712258763,0.09089078221908008
2024,502.44250099787143,0.10978018414243639,0.0926397612791274
2024,525.6972548848399,0.1117142429693233,0.09447376752277711
2024,550.0283181550103,0.1137352770855265,0.09639690948394633
2024,575.4855060803051,0.11584689063532881,0.09841347709026801
2024,602.1209395534612,0.11805279757412168,0.1005279465053956
2024,629.9891518000308,0.12035682020361693,0.10274498460675725
2024,659.1472000293779,0.12276288702670031,0.10506945301034926
2024,689.654782253264,0.12527502985251482,0.10750641154380552
2024,721.5743595111967,0.12789738007981014,0.11006112105796684
2024,754.9712837527843,0.13063416408454215,0.11273904545554239
2024,789.9139316389233,0.13348969763626942,0.11554585280327302
2024,826.4738445357596,0.13646837926720243,0.1184874153813636
2024,864.7258749880502,0.13957468251794775,0.12156980851097797
2024,904.7483399718111,0.1428131469852012,0.12479930798743896
2024,946.6231812400199,0.1461883680990248,0.12818238593366238
2024,990.4361330896666,0.14970498556105008,0.13172570487551494
2024,1036.2768978936347,0.15336767038012994,0.1354361098285374
2024,1084.2393297567976,0.15718111044876545,0.13932061817416988
2024,1134.421626672346,0.1611499946122005,0.14338640709368422
2024,1186.9265315717657,0.1652789951925271,0.14764079831995724
2024,1241.8615426800943,0.16957274894259108,0.15209123996157356
2024,1299.3391336071384,0.17403583641900566,0.15674528515115319
2024,1359.4769836252617,0.1786727597802199,0.16161056727096224
2024,1422.3982186052174,0.1834879190343578,0.1666947715145472
2024,1488.231663103311,0.1884855867824067,0.17200560255415828
2024,1557.1121041160186,0.19366988152519282,0.17755074810095833
2024,1629.1805670420697,0.19904473962729707,0.18333783816934948
2024,1704.5846044169962,0.20461388605740694,0.1893743998890788
2024,1783.4785980113013,0.21038080405229126,0.19566780774997966
2024,1866.0240749107645,0.21634870388026525,0.20222522921507172
2024,1952.3900382260208,0.22252049090923887,0.2090535656989651
2024,2042.7533131085058,0.22889873321371595,0.2161593889806338
2024,2137.2989087812134,0.235485628983849,0.2235488732029379
2024,2236.2203973254373,0.2422829740272091,0.23122772270581113
2024,2339.7203099991134,0.2492921296796262,0.2392010960454574
2024,2448.0105518980567,0.2565139914645123,0.24747352666743544
2024,2561.3128358092135,0.26394895885979974,0.2560488408259409
2024,2679.85913614404,0.27159690654716073,0.2649300734730463
2024,2803.892163881554,0.27945715752885714,0.27411938297779187
2024,2933.6658634932824,0.2875284585025999,0.2836179656726929
2024,3069.4459328676835,0.29580895788362066,0.29342597136083964
2024,3211.510367298351,0.3042961868551356,0.3035424210458974
2024,3360.1500286499468,0.3129870438131745,0.3139651282651931
2024,3515.6692408669755,0.3218777825489861,0.3246906255072604
2024,3678.386413044842,0.33096400448190166,0.3357140972741844
2024,3848.634691338654,0.34024065521763003,0.34702932139996584
2024,4026.7626410447047,0.34970202566186354,0.3586286202534326
2024,4213.134960250894,0.3593417578672039,0.3705028234326196
2024,4408.133226517454,0.3691528557336064,0.3826412434926836
2024,4612.156678116473,0.37912770061962253,0.3950316661377567
2024,4825.62303142999,0.3892580718549613,0.4076603561467545
2024,5048.969336179922,0.39953517207547584,0.42051208009354707
2024,5282.65287024109,0.40994965723122434,0.43357014666476085
2024,5527.152075869127,0.42049167104817875,0.446816465077317
2024,5782.967539260286,0.4311508836562418,0.4602316217586361
2024,6050.623015448586,0.44191653403200215,0.47379497508307183
2024,6330.666500638704,0.4527774758458121,0.48748476756868253
2024,6623.671354170098,0.46372222625076226,0.5012782545404685
2024,6930.237472409449,0.4747390171073353,0.5151518478726373
2024,7250.9925169748585,0.48581584810311373,0.5290812730469135
2024,7586.593199806453,0.4969405412027781,0.5430417374200579
2024,7937.726627714446,0.5081007958504365,0.5570081072947286
2024,8305.111709157462,0.5192842443443566,0.5709550911453959
2024,8689.500626131376,0.5304785068134575,0.5848574261751125
2024,9091.680374182186,0.5416712452450989,0.5986900652769496
2024,9512.47437369594,0.5528502160441493,0.6124283614503103
2024,9952.744155764656,0.5640033206430357,0.626048246778433
2024,10413.391126079874,0.5751186537302679,0.6395264032072131
2024,10895.358410465238,0.5861845487193057,0.6528404225718395
2024,11399.632785826545,0.5971896201389985,0.6659689535886275
2024,11927.24670047293,0.6081228026893832,0.6788918338543467
2024,12479.280387945231,0.6189733867706019,0.6915902052618874
2024,13056.864078679575,0.6297310503563233,0.7040466116358023
2024,13661.180314034378,0.6403858871445912,0.716245077799943
2024,14293.466367418436,0.650928430976951,0.7281711696982416
2024,14955.016777476985,0.6613496765696504,0.7398120355855986
2024,15647.185998522225,0.6716410966475977,0.7511564286771399
2024,16371.39117363496,0.6817946556117416,0.762194711980908
2024,17129.115036114843,0.6918028199030912,0.7729188463335691
2024,17921.908945219515,0.7016585652515542,0.7833223629054515
2024,18751.3960624081,0.7113553810151826,0.7934003216369216
2024,19619.274674592238,0.7208872718256958,0.8031492572117161
2024,20527.321671198515,0.7302487567598953,0.812567114265313
2024,21477.396182161094,0.7394348662546192,0.8216531735703835
2024,22471.443384292983,0.7484411369762157,0.8304079709409117
2024,23511.498483829397,0.7572636048451583,0.8388332105567132
2024,24599.69088329679,0.7658987964034938,0.8469316743366672
2024,25738.248541238638,0.7743437186984128,0.8547071288881279
2024,26929.502533724193,0.7825958478403141,0.8621642314379001
2024,28175.891826979638,0.7906531163792014,0.8693084360128989
2024,29479.968270912905,0.7985138996298353,0.8761459009917889
2024,30844.401823755677,0.8061770010642939,0.8826833989976249
2024,32271.986018519594,0.8136416368808586,0.8889282299502524
2024,33765.64368245898,0.8209074198505859,0.8948881379497379
2024,35328.432921249834,0.8279743425375512,0.900571232521429
2024,36963.5533801368,0.8348427599853913,0.9059859146217552
2024,38674.35279486737,0.8415133719611239,0.9111408076832814
2024,40464.33384582592,0.8479872048468844,0.9160446938688976
2024,42337.161329400544,0.8542655932707132,0.9207064556089838
2024,44296.66966126493,0.8603501615683825,0.9251350224120449
2024,46346.87072693761,0.8662428051689632,0.9293393228684611
2024,48491.962095692295,0.8719456719969607,0.9333282417081058
2024,50736.33561463606,0.8774611439830204,0.9371105817249409
2024,53084.586400550405,0.8827918187731286,0.9406950303444006
2024,55541.52224790535,0.8879404917227173,0.9440901305814527
2024,58112.173472308954,0.8929101382570781,0.947304256117653
2024,60801.803209545404,0.8977038966729716,0.9503455902132262
2024,63615.91819128714,0.9023250514484701,0.9532221081642294
2024,66560.2800195437,0.9067770171190827,0.9559415630141845
